log_id,timestamp,user_name,operation,table_name,record_id,field_name,old_value,new_value,reason
4a9ab2c3-2aa0-4487-acc8-4700d52bcf10,2025-09-01 10:00:00,佐藤,INSERT,観察記録,40a23391-951a-43d4-b751-6ac0df55f933,,,,初回登録
ed692152-02e4-441f-bdbe-40ee5404b584,2025-09-01 10:00:00,犬山,INSERT,観察記録,3f1e8e08-6812-441a-8165-7c162fd8b929,,,,初回登録
aaba8aa8-be86-4ab2-bafb-d879e4db53bc,2025-09-01 10:15:00,山本,INSERT,観察記録,37631a5d-bdc2-4a8e-9f7c-77c0bf8cc39f,,,,初回登録
c0d10c04-1063-4725-9f40-4004714414ad,2025-09-01 10:45:00,山本,INSERT,観察記録,4f6e3425-c25d-4d3f-8ffa-f97e11847144,,,,初回登録
b81e3cc6-f23f-4797-95e0-328a3161bba6,2025-09-01 9:00:00,山本,INSERT,観察記録,cbe582fa-c228-4748-9a33-2a2ee4c57365,,,,初回登録
6eb6066a-5c38-4f0c-93ea-24f0139e38eb,2025-09-01 9:00:00,犬山,INSERT,観察記録,05161068-9acc-462c-8b9d-3c606c34ebf2,,,,初回登録
8f0874a0-fbad-42e6-a13d-09ab17286180,2025-09-01 9:15:00,犬山,INSERT,観察記録,f04c028f-39ab-4e44-8f69-47cdc8ce334c,,,,初回登録
8a257c55-21ed-4d94-a417-f752be3dccb1,2025-09-01 9:30:00,鈴木,INSERT,観察記録,520970b1-febc-481b-8008-64490ddb238d,,,,初回登録
adaa9f22-b1e3-476b-af89-259222bc4be7,2025-09-01 9:30:00,鈴木,INSERT,観察記録,51704823-3033-48d9-92e9-d72fe482f9de,,,,初回登録
710d3c5d-a3fa-4117-92b3-b41a1cae9987,2025-09-01 9:45:00,犬山,INSERT,観察記録,8efab91c-a958-4371-b219-b9c912dbe30c,,,,初回登録
5a50310e-be01-417d-88dd-faac03166d4d,2025-09-02 10:00:00,佐藤,INSERT,観察記録,edeb173c-00ab-4b39-bb57-a8ced9e34c4e,,,,初回登録
0106a852-c475-411e-a57f-0b7f6707a607,2025-09-02 10:00:00,佐藤,INSERT,観察記録,31e93321-9238-49c9-a1e3-fa564fc97932,,,,初回登録
21155e54-23ab-4d99-99b1-69bef784bb46,2025-09-02 10:00:00,鈴木,INSERT,観察記録,1ab3d4df-7cd9-480a-b660-d565b0783631,,,,初回登録
62ce3280-8501-483d-921e-bc70a3319865,2025-09-02 10:15:00,鈴木,INSERT,観察記録,dd361f0c-b0e4-4284-be16-f1f4cdf0a806,,,,初回登録
ac7160a7-71a1-447d-ad5e-67e82f3cff97,2025-09-02 10:15:00,山本,INSERT,観察記録,55bfc5fa-3df3-4c10-8d40-2521fa5db755,,,,初回登録
0b6310a2-8b1d-4440-8177-ab1a993b5acb,2025-09-02 10:30:00,佐藤,INSERT,観察記録,afab617b-4d16-488c-8d15-1ef51b2759d5,,,,初回登録
8c46f04c-929a-42ba-9c54-35ce28924ab4,2025-09-02 9:30:00,田中,INSERT,観察記録,e4d224c1-e01c-43a0-b254-094d90985233,,,,初回登録
0a016f02-4c56-4a90-b443-a9f0a474f0a2,2025-09-02 9:30:00,佐藤,INSERT,観察記録,ee6dea05-922a-4e86-92ec-b1bc7084c80b,,,,初回登録
35cca5b6-17b8-4bcc-9e80-4246b1ada37c,2025-09-02 9:45:00,鈴木,INSERT,観察記録,60b132d6-eda9-4c12-a9ae-01440363d108,,,,初回登録
2111b070-1fb5-4a81-826c-3c285dcfd08e,2025-09-02 9:45:00,田中,INSERT,観察記録,e24bf416-7a88-4ede-8860-d5f2a78d415d,,,,初回登録
8502653d-6408-45f1-b7fb-992d84d86238,2025-09-03 10:30:00,田中,INSERT,観察記録,5b7b48af-904a-4de7-8b57-0024a76b18be,,,,初回登録
757b8c60-ee79-458a-8f85-7752eb53fd92,2025-09-03 10:30:00,犬山,INSERT,観察記録,5f1d5723-9f55-4c56-8ab5-929a00d0aa7e,,,,初回登録
93f37de6-dfde-4511-bd06-9d737ccf3049,2025-09-03 10:30:00,田中,INSERT,観察記録,307058ba-7c76-4531-9cd3-7919fea5bad5,,,,初回登録
4e17cd66-ad57-4133-bdfc-28272b63b7e7,2025-09-03 10:45:00,犬山,INSERT,観察記録,5de72185-8186-4f72-9785-0bfdba78260a,,,,初回登録
91eb811f-4986-4369-9e3f-1b062ed2df9a,2025-09-03 10:45:00,佐藤,INSERT,観察記録,a06389a1-f8c6-4b26-9557-b5a61b77ef7a,,,,初回登録
18ff6d1e-17c3-4e28-94b6-0cf32a6b3fa2,2025-09-03 10:45:00,鈴木,INSERT,観察記録,59a86985-0abc-4189-a63d-40034ae3f1da,,,,初回登録
baf6dd04-aac4-4d0c-84f1-db7474abf1ba,2025-09-03 9:00:00,鈴木,INSERT,観察記録,d9dcca10-92f3-4e0b-8cfb-8977c40ff32b,,,,初回登録
3509ec53-8ef8-4c56-8c6f-cf4d410489ff,2025-09-03 9:30:00,田中,INSERT,観察記録,ae404606-2337-4907-8e33-7f5d15c6095c,,,,初回登録
b9da2dfc-cb7e-4c9e-8b81-44e0233e5957,2025-09-03 9:30:00,鈴木,INSERT,観察記録,a7803003-56b2-4414-9e15-eeacc64797d2,,,,初回登録
7c566e50-4734-4ac0-a8c4-23f547b3d6ab,2025-09-03 9:30:00,田中,INSERT,観察記録,1b070892-5099-4baa-81bb-230a2819a8c8,,,,初回登録
91c78e41-12c8-4038-aded-511cad834c15,2025-09-04 10:00:00,鈴木,INSERT,観察記録,2e866fc6-abc8-4de6-aba6-692fa606addc,,,,初回登録
ecc44145-3eb4-4521-8151-f0b776742e98,2025-09-04 10:15:00,鈴木,INSERT,観察記録,bb88165e-875c-4a05-b251-181fcb9308b1,,,,初回登録
cc2418af-5c63-4a49-a614-9fab42e6edcd,2025-09-04 10:15:00,犬山,INSERT,観察記録,cf77c042-c8db-4009-bc09-01f26fd729bc,,,,初回登録
f1992d8f-649e-4f83-b94f-3b93547b157b,2025-09-04 10:30:00,山本,INSERT,観察記録,359d809f-70e6-4803-8cae-923de0c66385,,,,初回登録
31dbe904-4c55-44a4-ac58-7fa74dd7019b,2025-09-04 10:30:00,山本,INSERT,観察記録,8ae7379f-cda8-4c4e-a944-4f3a3d0f5e85,,,,初回登録
4201b952-4df6-4000-a426-9095bbb0d5a1,2025-09-04 10:45:00,鈴木,INSERT,観察記録,4bad9d34-5648-47bc-85ea-5fd06d1f1d09,,,,初回登録
e5db4070-a854-493e-b07f-0945322f3220,2025-09-04 9:00:00,犬山,INSERT,観察記録,c95114af-b90d-4ee9-9c2b-3c904919dd81,,,,初回登録
93d4ef58-b300-4305-9439-626e4fce418f,2025-09-04 9:00:00,佐藤,INSERT,観察記録,625c2faa-fbd9-47eb-9812-38993ae523e5,,,,初回登録
5faff9aa-5b42-4c3b-a252-f606d26e71f5,2025-09-04 9:45:00,鈴木,INSERT,観察記録,7a2cd9b9-2941-4a2d-84b5-0f1922eec463,,,,初回登録
0104d7cb-2eaf-460f-af01-1e5132d1db1b,2025-09-04 9:45:00,鈴木,INSERT,観察記録,636a7dcf-8f13-4788-bd34-0d08ec73aea6,,,,初回登録
19ff047f-fcb9-4010-b563-96ba9e688d1d,2025-09-05 10:00:00,山本,INSERT,観察記録,ad745317-081d-4164-82c2-fd4aedf8c0df,,,,初回登録
831f360c-35f4-4935-ba10-5f9ba5f58210,2025-09-05 10:15:00,佐藤,INSERT,観察記録,c6204885-ae2f-4f2c-b3a6-5eb3cd094ba9,,,,初回登録
d9f8d696-066c-4f82-9109-f07176333f57,2025-09-05 10:15:00,犬山,INSERT,観察記録,b7c72896-f6aa-424f-86df-c7fc6c09e7ba,,,,初回登録
a7083350-133c-47a1-b54c-0b38d43cb4f4,2025-09-05 10:30:00,鈴木,INSERT,観察記録,f5f3b3c1-130d-4c1d-b437-032da43b49be,,,,初回登録
e41cb5f6-debe-4e80-9ec8-bf9760e538cd,2025-09-05 10:30:00,田中,INSERT,観察記録,b5bea2c9-4b2d-44a1-b16c-1341e1d5142f,,,,初回登録
a63c476e-7f13-42a3-9c73-761d0126db04,2025-09-05 12:10:00,田中,UPDATE,観察記録,7fb82265-e5e4-42a1-bec4-d0229f06f18c,直腸温,40.0,39.8,再計測による修正
fab7147e-0e64-4d03-aaf8-23030bd08ecc,2025-09-05 9:30:00,犬山,INSERT,観察記録,277b9622-a536-4dd5-80b5-94dd92fc4a86,,,,初回登録
f8a7ff94-708c-48a0-8a12-ad4ae499d3f6,2025-09-05 9:30:00,佐藤,INSERT,観察記録,f209ebe1-490f-4901-bacb-b26245311072,,,,初回登録
e4780451-7c31-4e78-87f3-efb314088c2e,2025-09-05 9:30:00,佐藤,INSERT,観察記録,7fb82265-e5e4-42a1-bec4-d0229f06f18c,,,,初回登録
d5cf3817-11d5-4232-a228-8dfe9dfb0295,2025-09-05 9:45:00,犬山,INSERT,観察記録,30a50d96-b0b5-4ab9-8d06-184308b10d57,,,,初回登録
cfafb61c-3ac3-4256-b517-23726286b5ff,2025-09-05 9:45:00,犬山,INSERT,観察記録,92ff95a2-5eed-4a8e-9435-d6ea9654b13c,,,,初回登録
411c8708-6a7b-4f92-a7c1-b8d408aa6aba,2025-09-06 10:00:00,鈴木,INSERT,観察記録,8feea9a9-08ec-4181-ba9b-f0c60ae9f9dc,,,,初回登録
fdf6a04d-0768-450d-b08e-56fb942488ae,2025-09-06 10:00:00,犬山,INSERT,観察記録,4f2fd560-4df4-4de9-825a-2d3690026ce1,,,,初回登録
022d470d-a180-4f66-a54e-aaa50235cc06,2025-09-06 10:00:00,田中,INSERT,観察記録,08be27ab-1ffa-4ee1-bfc1-ce7cdd98893a,,,,初回登録
2fa00159-f35d-41b7-a445-eee91308afdd,2025-09-06 10:15:00,山本,INSERT,観察記録,c3a6bf54-c6ee-4bff-bd7a-2e2d9e1f7591,,,,初回登録
3f56d625-8d82-42ee-8daa-5a6c14d0474f,2025-09-06 10:30:00,犬山,INSERT,観察記録,b811f311-30eb-44c7-ab7b-17e3bae5a829,,,,初回登録
3922429a-4b83-436c-bdbd-4efd1a99b376,2025-09-06 10:30:00,田中,INSERT,観察記録,d24a93d5-e297-410d-85da-5a53cbc1fb72,,,,初回登録
ea79a723-285a-46d7-af9d-d29fec6b4e56,2025-09-06 10:45:00,犬山,INSERT,観察記録,2cedb9eb-3c22-4c49-94f9-0e6a80c43d22,,,,初回登録
88ab2749-da6c-49ed-a3d0-423a778dce56,2025-09-06 12:19:00,佐藤,UPDATE,観察記録,08be27ab-1ffa-4ee1-bfc1-ce7cdd98893a,直腸温,39.4,39.5,記入ミス修正
0d66da70-80f3-4f2a-ad5a-951e0597d806,2025-09-06 14:33:00,田中,UPDATE,観察記録,d24a93d5-e297-410d-85da-5a53cbc1fb72,直腸温,39.1,39.2,転記ミス修正
882ae921-5af9-4635-9b1b-ee8e18d67371,2025-09-06 9:00:00,佐藤,INSERT,観察記録,68f4cb68-26fb-478d-b9a7-d2ae0ae315f2,,,,初回登録
2847e581-e659-4eb7-ad22-719d87d5dbf5,2025-09-06 9:30:00,犬山,INSERT,観察記録,e1f27d93-02d5-45b7-9b32-0dcc240f0cd7,,,,初回登録
2f51f55f-b2cb-4222-84d9-781a78fb1d01,2025-09-06 9:45:00,佐藤,INSERT,観察記録,c784711c-bfa2-4f2a-b74d-5dc3405360da,,,,初回登録
7b603c91-66d7-44fc-92ab-e907278d1db7,2025-09-07 10:00:00,山本,INSERT,観察記録,ac2b106c-c093-4ed7-a236-7a67b11b2681,,,,初回登録
e59a40cd-901b-4716-b740-fa8d56e94f76,2025-09-07 10:15:00,山本,INSERT,観察記録,ce66b0ad-a553-40c8-98c6-3cfa0f3160d2,,,,初回登録
0730eea1-94a2-40e0-b8e9-023684f91895,2025-09-07 10:30:00,鈴木,INSERT,観察記録,44cc17b8-b74c-443c-8d2b-7ba32b0d29a1,,,,初回登録
fbb62f0d-ec6c-4798-9d62-4d400a81bd6a,2025-09-07 10:30:00,田中,INSERT,観察記録,dbb215a2-f41f-44d9-852f-e55db9dba9fd,,,,初回登録
9f38a2b2-5ecc-4656-91fa-4b36994d7d45,2025-09-07 11:30:00,田中,UPDATE,観察記録,ac2b106c-c093-4ed7-a236-7a67b11b2681,直腸温,39.0,39.1,小数点以下の記録漏れ修正
38f3dc51-0c84-4657-b273-e990d0296242,2025-09-07 9:00:00,田中,INSERT,観察記録,173bdd94-e418-4cec-bfe7-2223b9a2c97f,,,,初回登録
a9e469d7-b08f-4d14-a569-8960becf0134,2025-09-07 9:00:00,田中,INSERT,観察記録,2ff4afd3-adfb-457b-8c5d-69f52f8994e9,,,,初回登録
853f7371-7ade-41f2-b751-539840a76789,2025-09-07 9:30:00,山本,INSERT,観察記録,148cfc27-976c-4f6c-8dc8-29caffe2da12,,,,初回登録
47a04c19-9d68-40ac-8edc-78c91be0675b,2025-09-07 9:30:00,犬山,INSERT,観察記録,84f8d777-8d55-42ca-a577-e7fda8e25d3d,,,,初回登録
32666da7-61e2-4be5-812f-723b68ae77b0,2025-09-07 9:45:00,犬山,INSERT,観察記録,d06c6286-8175-4243-ae0e-bc169a5c33dd,,,,初回登録
79b9e214-9391-4b92-a544-c72499fe2c3a,2025-09-07 9:45:00,鈴木,INSERT,観察記録,403edc1e-6035-46b5-96d1-509e8ce43829,,,,初回登録
24f7a438-eb2d-41b1-b264-5ddb78f9a6ff,2025-09-08 10:00:00,佐藤,INSERT,観察記録,d7572c54-6e55-4343-8c28-506f919e3b6e,,,,初回登録
2fb6f430-922d-4a63-89b2-baf0e039f588,2025-09-08 10:00:00,犬山,INSERT,観察記録,adbd59c2-1dc5-4965-993b-f850202b973e,,,,初回登録
8da2943b-686e-4376-b1a1-8eff117c3e00,2025-09-08 10:30:00,犬山,INSERT,観察記録,050a67aa-1db5-468d-a415-da9e3444c44b,,,,初回登録
c9dab1bc-b5e0-4c99-b7e4-f0ad3c929e6e,2025-09-08 9:15:00,鈴木,INSERT,観察記録,957aa19b-94ea-4a87-9e49-8eca93497ca0,,,,初回登録
2e448944-485d-4e2a-8304-8f25c937fd3a,2025-09-08 9:15:00,鈴木,INSERT,観察記録,ebf7c5a0-6cef-4ad5-a6fd-b4db513a5d14,,,,初回登録
8bea0259-4b74-45f8-bce0-6fe6979f67a7,2025-09-08 9:30:00,鈴木,INSERT,観察記録,33c13ad4-7c20-4f31-b507-d9ee2a36a958,,,,初回登録
f1965223-8a2a-4191-a024-8b691b788ada,2025-09-08 9:30:00,山本,INSERT,観察記録,827a8c20-a230-4e30-b2c0-e813292bfb74,,,,初回登録
c21f4525-71ba-4e99-bf74-ca6c5baabc0c,2025-09-08 9:30:00,田中,INSERT,観察記録,a9ed6ef3-1833-4884-90e8-f6afd39dc6cb,,,,初回登録
bf679423-4753-461e-a80b-9cbb86fb9489,2025-09-08 9:30:00,山本,INSERT,観察記録,f011d63f-4d4c-45e9-9f9a-f2a8be22f444,,,,初回登録
cffc9803-ce6b-4e93-857b-4167be6af392,2025-09-08 9:30:00,山本,INSERT,観察記録,0bc5238c-6a79-45ba-9510-bbcdd0ce2570,,,,初回登録
4015c98a-46f6-4b58-bde2-8f54c7d05791,2025-09-09 10:30:00,犬山,INSERT,観察記録,94587a89-32d9-4215-a13e-1f50d8aa54e2,,,,初回登録
74bea9f5-e0d7-4ded-97c0-29b5d2e8ff3d,2025-09-09 10:45:00,鈴木,INSERT,観察記録,2cae2473-6c0a-475b-a348-8edc4e572b0e,,,,初回登録
71f4c39c-854e-4c2d-b766-7938213f20a4,2025-09-09 10:45:00,鈴木,INSERT,観察記録,3bb1027b-ea7a-483b-8b1f-d0d505428f1f,,,,初回登録
3e23917f-9843-4e0b-bbc6-dd157c8f26ab,2025-09-09 10:45:00,山本,INSERT,観察記録,c5601001-fd2c-4f8f-aea7-24f50ca70d33,,,,初回登録
bfa88cc4-9783-44b3-a3ee-465ed456624e,2025-09-09 10:45:00,犬山,INSERT,観察記録,29bb7a75-c894-4540-bd36-9275e43fe880,,,,初回登録
99f250ff-791a-4227-b568-5f59b7d2e078,2025-09-09 10:45:00,鈴木,INSERT,観察記録,3fcdad63-25f9-4710-ac87-42b88397efcc,,,,初回登録
6cd0fb8e-54cd-4dd3-8b0c-245335ffa11b,2025-09-09 10:45:00,犬山,INSERT,観察記録,d557508a-2087-4565-9dd9-8ff60b1f9fc5,,,,初回登録
6e2094cf-f84b-4bea-a27f-711b8f2d6a8a,2025-09-09 9:00:00,山本,INSERT,観察記録,c69f0389-0ec9-4108-804c-4698dd918ca1,,,,初回登録
e3e7523c-cc25-4f3c-b5c2-2eecffcac485,2025-09-09 9:00:00,犬山,INSERT,観察記録,646ac1d2-8ac3-4a9b-9bb8-fce612ac5e3c,,,,初回登録
bcc927b6-bb3d-4ded-ba9e-33c87f5f6bce,2025-09-09 9:45:00,田中,INSERT,観察記録,46162fcb-faab-4807-abbe-3d210c1da197,,,,初回登録
ec5f6b5b-a654-4ea1-a200-19377cca5df4,2025-09-10 10:00:00,田中,INSERT,観察記録,8ec1740e-3ced-4050-a12e-40062c79ce5d,,,,初回登録
d3320bb7-0519-4a19-a29f-12f7d3cf0618,2025-09-10 10:30:00,犬山,INSERT,観察記録,844b8fcd-3fe0-4515-aeb0-2e74c6d9a201,,,,初回登録
d3d7f90d-d63e-4c55-9b1f-3403ae2af91f,2025-09-10 10:30:00,佐藤,INSERT,観察記録,56321d93-6637-4478-958a-462ac13f3cd0,,,,初回登録
f88d17fb-b1f8-4d1e-86fc-d827cea13ca8,2025-09-10 10:45:00,犬山,INSERT,観察記録,2620c202-06e5-40d1-ad04-b11b038a28e0,,,,初回登録
2aa8de89-b30d-4a33-b90d-7758b4a915f5,2025-09-10 9:00:00,鈴木,INSERT,観察記録,eba4d417-ea2b-4dfe-acfd-276f10ffa404,,,,初回登録
4a0a79f6-600b-409b-ad7f-0e3c6a83c01f,2025-09-10 9:00:00,田中,INSERT,観察記録,3a88742b-4047-403d-80cb-b7179256f244,,,,初回登録
66c65cdf-1924-4655-b3e6-e8894f53d68c,2025-09-10 9:15:00,犬山,INSERT,観察記録,107b4442-ef6a-465f-b902-28d6a36d3b2f,,,,初回登録
3eafa26e-e73d-4735-9a68-87ae3150a967,2025-09-10 9:15:00,山本,INSERT,観察記録,66810028-8513-402d-acd3-cc80f12da004,,,,初回登録
4579bd34-1b90-4b65-affc-b821c4705066,2025-09-10 9:30:00,佐藤,INSERT,観察記録,3bbe1620-cf06-4365-be87-7fc626462f1c,,,,初回登録
c7f5e9a4-cada-424d-ac91-dd2616a7cfcc,2025-09-10 9:45:00,田中,INSERT,観察記録,979bc15c-2f93-4c85-ba2d-935d56cbfb28,,,,初回登録
6f350ccb-1f55-4829-ab75-7052bd82c72a,2025-09-11 10:00:00,鈴木,INSERT,観察記録,ad222953-38fd-4a61-844e-4f745c88da57,,,,初回登録
9749e256-99bb-4eb0-88ff-bb785087ac16,2025-09-11 10:15:00,鈴木,INSERT,観察記録,48ab0fc2-bb47-4c18-85cd-79c407cab2f6,,,,初回登録
1ce21194-1e8e-4e90-8377-cf67a5c9a305,2025-09-11 10:15:00,佐藤,INSERT,観察記録,8e9f6e37-82f1-41f6-9685-3395c2b5433a,,,,初回登録
4f8e04db-909b-4059-96ac-5434cd1638ec,2025-09-11 10:45:00,田中,INSERT,観察記録,4563e2d6-627e-4ab9-9302-1336313dcf7f,,,,初回登録
b7ba3749-b26d-4ccc-9830-bde73f8e725b,2025-09-11 9:00:00,犬山,INSERT,観察記録,9c81e6b8-764e-4b4c-9e22-a28ea0764b65,,,,初回登録
1684a512-2aca-4cc8-af27-bb1b9f461bfb,2025-09-11 9:15:00,山本,INSERT,観察記録,aa6d2f7d-dbed-4d53-aa2d-d637c20f9991,,,,初回登録
861f84a8-d141-4e7f-98a4-643816bc71e0,2025-09-11 9:15:00,鈴木,INSERT,観察記録,a11df3af-05c4-4323-862b-9fc7a2d8041d,,,,初回登録
eac196d2-7437-4c6b-91cf-a8fc94616c07,2025-09-11 9:30:00,犬山,INSERT,観察記録,ea4446b7-94e5-4312-ab83-7b0a9af9065e,,,,初回登録
ef95ac0f-222a-4237-9b99-2cdbe60d1b12,2025-09-11 9:45:00,鈴木,INSERT,観察記録,03118e2a-f768-41ab-89ab-921bce86a54c,,,,初回登録
2df558d3-4558-4ec5-858b-62889f2e2204,2025-09-11 9:45:00,田中,INSERT,観察記録,a192caf9-9f5e-4ce0-b1ff-65bc47b7e827,,,,初回登録
b8afbb4a-e0a8-4067-ab72-6c366be16cfa,2025-09-12 10:00:00,山本,INSERT,観察記録,2e380638-5fd6-4a18-a5fc-3162b0a84b93,,,,初回登録
751a1455-d43e-41dd-a6a5-58581a20d695,2025-09-12 10:15:00,鈴木,INSERT,観察記録,371e9f34-e6be-4448-8bac-8a6bdcf811e8,,,,初回登録
a6a65725-4cd2-40a0-aa4b-67ccf9b1a4e7,2025-09-12 10:15:00,田中,INSERT,観察記録,ae8e48ce-7da5-434a-b20c-36d79bb1eb20,,,,初回登録
efc2c99b-cf3e-46c2-bd72-bcc6893cdda5,2025-09-12 10:45:00,犬山,INSERT,観察記録,a3c97cbb-1c8c-4981-a1ea-7fb9e9651f09,,,,初回登録
63bf7aab-ee16-41a5-a177-230a6028ac39,2025-09-12 10:45:00,犬山,INSERT,観察記録,db919755-706e-43be-bc34-73f3482f6eec,,,,初回登録
35da2bbc-f08b-4232-9528-3f1ecd13b411,2025-09-12 9:30:00,犬山,INSERT,観察記録,52f3f0bb-9b3e-41ee-8bff-08d1305521a9,,,,初回登録
e1b4483c-60e5-4041-a2db-471abb471d80,2025-09-12 9:30:00,山本,INSERT,観察記録,4d2244cb-4682-4a62-b238-5aeeaf926872,,,,初回登録
009e10be-ec8c-49a4-93ea-023f122c2744,2025-09-12 9:45:00,山本,INSERT,観察記録,c755bc44-a62a-4527-bea6-318e1e3030ed,,,,初回登録
f3108b74-81a0-43db-938c-c2155edeb1d2,2025-09-12 9:45:00,田中,INSERT,観察記録,d52c3b66-ae5a-4673-b327-bf4466956771,,,,初回登録
d6d24d6e-cad1-41aa-b2eb-967ba19b11b9,2025-09-12 9:45:00,田中,INSERT,観察記録,e61479f4-0d4e-4512-9b09-7783004f289f,,,,初回登録
960ce113-5563-4e28-9428-16f6877c9f74,2025-09-13 10:30:00,山本,INSERT,観察記録,8d9074bd-d77e-4b42-89a8-c139bffc2f38,,,,初回登録
0e337adc-2e97-47b6-87ab-c99c1c288032,2025-09-13 10:45:00,田中,INSERT,観察記録,b2069b7d-272f-49a6-925d-3fd69da215e6,,,,初回登録
8788fa73-2aa8-45ce-9576-9d0da44949e4,2025-09-13 10:45:00,佐藤,INSERT,観察記録,c91fb194-5216-46dd-8c30-3c860540d277,,,,初回登録
b7201ff5-b907-47a7-8691-9a8a20734c66,2025-09-13 9:00:00,犬山,INSERT,観察記録,694df34a-b593-4bfa-8285-f31214a1e54e,,,,初回登録
c555af5d-1059-4a59-bf3d-17ba128b246d,2025-09-13 9:00:00,犬山,INSERT,観察記録,7fadfbae-8c6e-442d-89e4-3e63ea12207a,,,,初回登録
5c1c6842-6276-456f-ae55-b2a01ce7f071,2025-09-13 9:15:00,佐藤,INSERT,観察記録,2b6f4ae1-bc01-49cf-87e9-302c4d90e8f9,,,,初回登録
29f8ae8d-17a9-4ca5-b019-c5bc4d90f818,2025-09-13 9:15:00,田中,INSERT,観察記録,49ae8b56-d39c-40d3-ae50-55ba2416a506,,,,初回登録
cc64bf79-0aad-4340-b9fe-188a961f39df,2025-09-13 9:15:00,山本,INSERT,観察記録,b8753e28-ef47-4e57-b32f-c9f3f272ac87,,,,初回登録
c807e80c-7a66-4c9d-a402-1b7c5a06e430,2025-09-13 9:30:00,田中,INSERT,観察記録,53926751-3e7d-448f-998f-20726b0363db,,,,初回登録
21409f32-4db4-475e-a072-d582b16c6b4c,2025-09-13 9:45:00,田中,INSERT,観察記録,f3e66d25-00e3-40b8-8ff7-50e067e477ff,,,,初回登録
1c39b2f0-d7f5-4c21-a34e-4cf83de46484,2025-09-14 10:00:00,鈴木,INSERT,観察記録,053060ef-f2f5-4654-b301-bbbebcc77d63,,,,初回登録
cfbefb51-c2f0-4e8b-902a-41fd44928b74,2025-09-14 10:15:00,山本,INSERT,観察記録,582fe5e1-1c36-44e9-9f56-1f9be974a0c2,,,,初回登録
c02a9600-a5a5-4f86-8643-9de6f324ae62,2025-09-14 10:15:00,犬山,INSERT,観察記録,d580d833-e330-448d-bc67-bd40a59a8a9a,,,,初回登録
1484bd29-46c9-4d04-8b6e-1b8d4028c48f,2025-09-14 9:00:00,田中,INSERT,観察記録,fdf8bd29-b34b-4b6a-be83-1588ed70efa8,,,,初回登録
6834d636-2e83-4706-9b5b-43d2e0c9d2f4,2025-09-14 9:00:00,田中,INSERT,観察記録,d7a6d857-6773-4cd5-9efc-a600bbbe01fc,,,,初回登録
da9e672f-3839-46b3-a087-64cdfaac0351,2025-09-14 9:30:00,佐藤,INSERT,観察記録,ba165ac3-4e53-4556-9fc2-573e753e485c,,,,初回登録
223cd70c-bcf5-4587-a530-96e79c50652d,2025-09-14 9:45:00,佐藤,INSERT,観察記録,2fc30826-a699-41dd-9351-8b1de439f990,,,,初回登録
23651e3d-4540-402d-a537-694b8f964ae7,2025-09-14 9:45:00,佐藤,INSERT,観察記録,443398e4-b694-4284-9ecd-e672afe58abf,,,,初回登録
a48a77b4-653a-4bac-b1e3-770dec24d3fd,2025-09-14 9:45:00,佐藤,INSERT,観察記録,1df9d85b-bab5-453b-a64f-4c3515f239f8,,,,初回登録
6927fdd3-7b6f-4e58-9450-dd0e8078d3aa,2025-09-14 9:45:00,犬山,INSERT,観察記録,cd32c70a-1c85-4bbb-86ad-d1ceedf8034d,,,,初回登録
7fe568b6-04f2-4711-8bba-8b5dafad53c3,2025-10-01 10:00:00,山本,INSERT,観察記録,349373b9-8b62-4fe6-a8bf-a8528e03233c,,,,初回登録
59898a75-9dbc-40a8-b51a-8b85a4e92399,2025-10-01 10:15:00,佐藤,INSERT,観察記録,697c03dc-7b45-4402-ad62-46b11b405ace,,,,初回登録
7479e5a6-62ed-4d60-bd26-9b8157b4bb67,2025-10-01 10:30:00,田中,INSERT,観察記録,71adbe07-611e-49b6-86eb-1c4cb74951c8,,,,初回登録
92bf0add-f857-426a-9fe7-024b533d23d6,2025-10-01 10:45:00,犬山,INSERT,観察記録,c7639833-3e39-4530-8eb1-d35380e02939,,,,初回登録
b7c690eb-680e-45e6-871f-f810e2a9604b,2025-10-01 9:00:00,佐藤,INSERT,観察記録,5e48c9d3-b6e0-4b11-8300-63240d3d075b,,,,初回登録
9f04122e-0f50-4ea2-95cc-f2e18357d698,2025-10-01 9:00:00,犬山,INSERT,観察記録,05f1357e-d2a0-4728-8e11-c5d9612b5673,,,,初回登録
57cade33-310b-42bd-a362-8f068f67a17a,2025-10-01 9:30:00,犬山,INSERT,観察記録,c4bdc433-89e4-44f2-ae50-118f5ca6792b,,,,初回登録
542a41d4-8a6a-43fa-b097-416e3928ef6a,2025-10-01 9:30:00,犬山,INSERT,観察記録,9fa935dd-3a85-4b3a-aa3c-8d14ffce4201,,,,初回登録
0fdf95c3-1eb7-4abd-bfd8-1d47d7de449d,2025-10-01 9:45:00,山本,INSERT,観察記録,2fe33d14-7b3d-48d2-8df9-bd7b86ba7c2d,,,,初回登録
70e71887-6f3a-45e1-a3d0-1b7779c3744d,2025-10-01 9:45:00,鈴木,INSERT,観察記録,8433c426-61eb-4938-9217-72950bb8f043,,,,初回登録
02bac6a8-67a8-4a43-aadd-e5a7d034be62,2025-10-02 10:00:00,田中,INSERT,観察記録,1119fe85-f72e-433e-bda2-0fb8ec21c965,,,,初回登録
74e0fb52-1d7b-4583-a11c-97f8c783996b,2025-10-02 10:00:00,田中,INSERT,観察記録,11f416de-ed11-45e0-9ee3-96c20b9c8aaa,,,,初回登録
d865e0db-d5c7-4c49-a25c-bad4bd062b73,2025-10-02 10:15:00,田中,INSERT,観察記録,83005b48-3536-42c2-9da3-81afe43385ef,,,,初回登録
0f44aff3-9cbe-4912-86fd-5ca599952ef8,2025-10-02 10:30:00,田中,INSERT,観察記録,f7bb7deb-9acd-4c5e-84e6-966760d70a68,,,,初回登録
7e0c78d2-c886-4ab1-acbb-3c2bb5a1742a,2025-10-02 10:45:00,犬山,INSERT,観察記録,70fa2800-59c4-4b21-a492-a6fe5b7d8ce2,,,,初回登録
50d732ec-3396-4019-aad1-258a2b84cb39,2025-10-02 10:45:00,佐藤,INSERT,観察記録,dd4d3979-c0fd-4a5a-b2f0-b663d0ae37ef,,,,初回登録
41ad12c0-760e-4ab2-b62b-49f74efc8ab8,2025-10-02 10:45:00,田中,INSERT,観察記録,ec5449bb-ab08-4333-b6a6-fc492e7d89eb,,,,初回登録
e6789695-fb4f-444d-824a-0b3416ccdd76,2025-10-02 9:00:00,山本,INSERT,観察記録,c3105e1f-5ebe-42cb-859f-422f3adc46d8,,,,初回登録
5dde061b-ec56-44ba-8d1b-d2ba8eac3005,2025-10-02 9:30:00,犬山,INSERT,観察記録,367156b7-eab3-4974-863e-9dc08d24bcd6,,,,初回登録
cdc396c7-6b6a-4d92-9873-a9bc4fb78709,2025-10-02 9:45:00,犬山,INSERT,観察記録,74cf529d-059a-465f-b6cd-56e91ff22426,,,,初回登録
2856e6a5-52b2-4024-a2a7-653d7963dd8b,2025-10-03 10:00:00,鈴木,INSERT,観察記録,5060f042-81da-4c62-a4c5-47af861a5aae,,,,初回登録
865ec571-9bdd-4f7b-8890-7a93751fcb30,2025-10-03 10:00:00,田中,INSERT,観察記録,238f66a8-5e62-4903-a757-52a29d9a3c22,,,,初回登録
7b0d415a-328e-4a6f-b60d-ba76c66ac074,2025-10-03 9:00:00,犬山,INSERT,観察記録,ef59371a-f25f-425d-8100-cdc43140fee4,,,,初回登録
abccd001-f808-440c-bdd1-653f681acd84,2025-10-03 9:00:00,鈴木,INSERT,観察記録,ddf8695a-b45e-44a7-9f17-82b547db5bf3,,,,初回登録
ea470a0e-e5ef-4fcd-adc2-ca74619acc1d,2025-10-03 9:00:00,山本,INSERT,観察記録,44a4be16-2c66-4aaf-b8cd-936921e4a727,,,,初回登録
6fa562ed-8525-4397-a2cb-42d2978a0196,2025-10-03 9:15:00,鈴木,INSERT,観察記録,8aac2b6a-696b-4d16-8fab-4f1085beb0a9,,,,初回登録
433b4138-fe29-401f-bfbb-279dfc7eac96,2025-10-03 9:15:00,犬山,INSERT,観察記録,b562a04e-9579-4b61-ac31-02f2d719037d,,,,初回登録
fa9ef566-1770-4339-9857-3fdf6172f1a4,2025-10-03 9:30:00,佐藤,INSERT,観察記録,81d1b775-ba10-4092-9ca9-13376464fc5e,,,,初回登録
34d36466-5bc2-47aa-b06d-c6839c260d9c,2025-10-03 9:30:00,山本,INSERT,観察記録,28257c78-fd73-4055-8c36-aa295aaa933e,,,,初回登録
06a98e82-7386-4dc3-bc7e-f159bd315115,2025-10-03 9:45:00,田中,INSERT,観察記録,b064eaec-a411-4a81-876e-c82dd77677a7,,,,初回登録
1443146f-f785-4d1d-beca-cc74e49f1ee9,2025-10-04 10:00:00,犬山,INSERT,観察記録,4bc6a7e5-2e5e-4914-b886-4b4f9d672f87,,,,初回登録
3bc19c78-185d-4f5b-b120-215d198f913b,2025-10-04 10:00:00,山本,INSERT,観察記録,efeaae97-62e1-48b7-9dd2-4ca33e799484,,,,初回登録
6a2bc6b1-073c-4c7b-9be2-02a199c7b423,2025-10-04 10:15:00,犬山,INSERT,観察記録,b4758de8-3208-4287-835c-3056c7107840,,,,初回登録
2f605a92-1e2a-444b-b8d2-52c864721e09,2025-10-04 10:45:00,佐藤,INSERT,観察記録,3ee3a843-6c90-4cb3-acae-f0d624a54226,,,,初回登録
6ecd665c-9161-4597-af69-f0642e0b292c,2025-10-04 10:45:00,山本,INSERT,観察記録,b33f5a72-818e-431d-afd4-1dd1c56e8a6d,,,,初回登録
c196b0e2-e533-4d83-9c20-a99bd1107ee8,2025-10-04 9:00:00,佐藤,INSERT,観察記録,78bfbdd5-e814-442c-a3cc-b2103c6eea2d,,,,初回登録
3eca90e2-f747-4994-a244-bc4e60e9c075,2025-10-04 9:00:00,田中,INSERT,観察記録,9c656942-c12b-4a27-bac6-b3ae66ae2ac6,,,,初回登録
9101e0bf-46c6-4d64-b311-2f13fe297512,2025-10-04 9:15:00,田中,INSERT,観察記録,c147820a-42da-4b50-a33e-88e6cf5f9d4b,,,,初回登録
e23cdc14-83f7-4bfc-9a52-b5586d6f13ea,2025-10-04 9:15:00,佐藤,INSERT,観察記録,81c5e774-6c16-49ad-8ca1-9f6c888f9bde,,,,初回登録
e045fb2d-3962-46f7-97c5-e95114588c01,2025-10-04 9:45:00,鈴木,INSERT,観察記録,5ee51dd9-4954-42cb-9936-212f1e6d6a5a,,,,初回登録
0f9cc3ad-cd4e-4c08-8eba-b60ac08b786a,2025-10-05 10:00:00,山本,INSERT,観察記録,ab4d3f43-e29d-4448-aacb-12f38792b9ca,,,,初回登録
af79bfca-7510-4f5a-9ac6-a40a5878e37f,2025-10-05 10:15:00,犬山,INSERT,観察記録,c5901862-c55f-436d-acbc-69bbeeabfcda,,,,初回登録
74eea172-0b8c-4da8-af96-4b00c9dd3e6d,2025-10-05 10:15:00,鈴木,INSERT,観察記録,daa49102-5ae6-45df-abb5-aa9d860767c7,,,,初回登録
fb06bde9-aefb-4bc5-855e-e375e1ca5c2e,2025-10-05 10:15:00,佐藤,INSERT,観察記録,4176e14e-b9ff-4e05-b26a-4f9c6f01c75b,,,,初回登録
da144c2c-4e84-48ce-8254-6892aff17e2f,2025-10-05 10:45:00,犬山,INSERT,観察記録,004bc4a7-a71e-4faa-a1da-a02b5f63fd75,,,,初回登録
85b70080-bd17-4785-ae27-0f58de93b99e,2025-10-05 10:45:00,鈴木,INSERT,観察記録,3066c4aa-cca7-44a5-99ce-4adf886d6c98,,,,初回登録
85128742-8e56-47cd-a290-4f5299cb446d,2025-10-05 10:45:00,田中,INSERT,観察記録,85de417d-79b1-485f-84a2-4938873c8a52,,,,初回登録
51029b78-f98a-4cfa-b70b-24aa55068a22,2025-10-05 9:00:00,犬山,INSERT,観察記録,5f7b4780-6ec4-425b-a5f8-33e6d0dbd213,,,,初回登録
8807287c-a6e7-4f93-9d28-b8c067544149,2025-10-05 9:45:00,鈴木,INSERT,観察記録,3fbf4892-4d1d-4ace-bfc6-3150518f33ff,,,,初回登録
45ae5c95-aaec-4087-bb6d-e64debeeb44a,2025-10-05 9:45:00,犬山,INSERT,観察記録,cae5fb7e-ccd2-4e51-b82d-944228cd4d57,,,,初回登録
a87165bb-53e0-4702-ac98-3783b540f8f4,2025-10-06 10:00:00,田中,INSERT,観察記録,e2845b88-6043-4d40-861b-c41689b8dc3f,,,,初回登録
40bea1ba-0222-48c4-8404-b3f89cc13cca,2025-10-06 10:15:00,鈴木,INSERT,観察記録,dd620abe-40c5-498d-aac8-4e87fb67a951,,,,初回登録
7089c58d-1c89-4d05-b237-ef2f20e66bbe,2025-10-06 10:30:00,佐藤,INSERT,観察記録,c6df6651-e2d2-411d-9ca6-e93a8e07104a,,,,初回登録
0ad1cff4-4474-4b42-ab34-007abb3736f3,2025-10-06 10:30:00,鈴木,INSERT,観察記録,3f2c5e0e-b77f-4ad4-ba3e-c80af5fbf5e7,,,,初回登録
9bec6592-8c42-4e5f-90f6-77c7f91c54b5,2025-10-06 10:30:00,山本,INSERT,観察記録,2615ce39-ec4c-4a22-b3f8-b3b323a1b3aa,,,,初回登録
4e488f62-16f2-4a10-bd66-c3d7513fcdef,2025-10-06 10:45:00,山本,INSERT,観察記録,3d3e771a-de82-4828-b2ca-015f986865fb,,,,初回登録
060fa0fb-16e2-4d3c-8852-da3d4f1fd977,2025-10-06 9:00:00,山本,INSERT,観察記録,a740a36b-1916-4854-8f27-a72e49b0ffaa,,,,初回登録
e3763108-cfd8-4c0b-9ac0-d83241ae14be,2025-10-06 9:15:00,山本,INSERT,観察記録,6d13c61d-733e-44c1-8833-c6076ecaffea,,,,初回登録
93e6272f-9676-439b-ab6e-d2d983180b10,2025-10-06 9:30:00,佐藤,INSERT,観察記録,4d54301b-3193-4f6d-aca5-7ebd8db72324,,,,初回登録
11d5fbf0-e5b2-4525-8de7-3e9a0dd73c30,2025-10-06 9:30:00,鈴木,INSERT,観察記録,c7e6a4b6-eebc-4b19-8c58-afa1ed9d0e3f,,,,初回登録
dd7e1cc3-95a4-4535-8730-5687f95c8f01,2025-10-07 10:00:00,田中,INSERT,観察記録,a1163a40-ed4e-49ba-806c-7e6ec0fa092b,,,,初回登録
26b07eb3-9519-4130-9919-5c7e7d7df00a,2025-10-07 10:15:00,佐藤,INSERT,観察記録,a2116e9f-f95e-4eee-9479-7152662f7026,,,,初回登録
0e09d612-7780-41c3-bacc-53960ab136a2,2025-10-07 10:30:00,田中,INSERT,観察記録,e905a7ed-eedb-4174-b384-8abdccdb2b7e,,,,初回登録
542fbbda-6ea5-4cdc-9656-c577aa15f2ec,2025-10-07 10:30:00,犬山,INSERT,観察記録,d2c5efc8-9990-45f0-a4a7-de7a76421113,,,,初回登録
1e1568b9-a6b0-4faf-8989-28c7c0dd821c,2025-10-07 9:00:00,鈴木,INSERT,観察記録,e0527a5a-3e98-480b-b7df-b2410e4df3b6,,,,初回登録
25ebb8ff-bf89-4a12-b3b6-82f49a598157,2025-10-07 9:00:00,犬山,INSERT,観察記録,a2b82ec7-e55b-4d9f-997c-2addc15457b9,,,,初回登録
a9b5d3b9-93cd-4504-a60d-2b932835b41f,2025-10-07 9:15:00,犬山,INSERT,観察記録,fd530084-4e15-4940-b8aa-4a95c5b430b0,,,,初回登録
c94feb5f-ab87-4545-b07f-3c387f6d1912,2025-10-07 9:30:00,山本,INSERT,観察記録,15c7a03c-6117-45a9-94e6-14f9ae98519a,,,,初回登録
bcd1da1a-b1c4-42fc-b797-1b3645c955ff,2025-10-07 9:45:00,佐藤,INSERT,観察記録,fc537c0f-3309-4313-903e-c1e1ef38869c,,,,初回登録
f80732ed-9afd-4bce-8584-0efac23197a1,2025-10-07 9:45:00,犬山,INSERT,観察記録,df134395-9e9e-4d74-8fd7-62b227cf76b3,,,,初回登録
22db74e3-bf3e-47c5-a917-6eddea7e5c54,2025-10-08 10:00:00,犬山,INSERT,観察記録,5f59b14b-45a9-4658-a7c5-1b9930193fbb,,,,初回登録
a017af02-4784-4efa-891a-965f3aadb558,2025-10-08 10:30:00,鈴木,INSERT,観察記録,5bb263d1-70bf-48af-b9c5-0a964b0204d5,,,,初回登録
206679a1-7952-4b58-8d99-358b3cd65f47,2025-10-08 10:45:00,犬山,INSERT,観察記録,d17dd82a-931f-4594-bdbc-08b1c29f6288,,,,初回登録
10cd81d6-4246-47b1-96fe-38d5884e560d,2025-10-08 13:11:00,鈴木,UPDATE,観察記録,930ebdc1-5b1e-440b-91be-e1414b6c4e74,直腸温,39.8,39.7,小数点以下の記録漏れ修正
d67a1f42-9ab7-4a18-9899-22c51f3499d7,2025-10-08 15:22:00,犬山,UPDATE,観察記録,87cf548f-66ef-4f1a-b0ed-5e25c2298865,食欲,2,1,再計測による修正
be3f236f-4c71-4eb4-a64d-e66f4d6841ba,2025-10-08 9:00:00,犬山,INSERT,観察記録,930ebdc1-5b1e-440b-91be-e1414b6c4e74,,,,初回登録
4694a0cb-a6a6-441a-949b-4a1bc041914e,2025-10-08 9:15:00,山本,INSERT,観察記録,6eb4d529-a5ae-4e22-b9f3-caf0976daf78,,,,初回登録
7a5efdbe-7285-4d6a-8caa-efd31c6e59d3,2025-10-08 9:30:00,山本,INSERT,観察記録,b39d35a4-49e4-4be6-b186-e097de50c722,,,,初回登録
a7359433-140d-43cc-bb32-2c69c18a2ff0,2025-10-08 9:30:00,佐藤,INSERT,観察記録,87cf548f-66ef-4f1a-b0ed-5e25c2298865,,,,初回登録
0342f752-bb5e-4dff-af09-5673dfdb92a5,2025-10-08 9:45:00,鈴木,INSERT,観察記録,79761612-b23f-4e62-868c-fb6d761fe88d,,,,初回登録
af1a2505-b10b-4872-aed7-a856f2ed7e60,2025-10-08 9:45:00,佐藤,INSERT,観察記録,8503c9ca-a042-4879-9ddd-8525469421d3,,,,初回登録
f73528a4-1396-47c4-bae3-667f6e376b03,2025-10-08 9:45:00,犬山,INSERT,観察記録,a199b8c8-956e-4b2e-a7a0-08da808cd6cb,,,,初回登録
2dddc12a-95b5-4b56-9811-2769abfdda85,2025-10-09 10:15:00,犬山,INSERT,観察記録,961c75a1-10db-446a-b248-9c03c563eb2f,,,,初回登録
edb7c711-6a8c-4018-b0e9-2138e356c13c,2025-10-09 10:45:00,鈴木,INSERT,観察記録,4e613669-8d22-4ff0-8711-a19fb456d354,,,,初回登録
78613195-3cbd-4209-b61e-b8bddad94105,2025-10-09 9:00:00,山本,INSERT,観察記録,0b3bce23-f507-4b64-8ff8-eb2186ac3f87,,,,初回登録
53d498c2-5067-4be9-aa63-4340f06f4e4d,2025-10-09 9:00:00,山本,INSERT,観察記録,d7e82fa9-2026-4b62-a468-cc1db68b4dac,,,,初回登録
6c012f0b-a7f8-4f4d-9ec3-28a6a15e1606,2025-10-09 9:30:00,田中,INSERT,観察記録,10bdbd32-2e75-4997-b070-7edc1f3983ed,,,,初回登録
88fab645-f0df-4ec0-8fe8-a9a6cb84b925,2025-10-09 9:30:00,山本,INSERT,観察記録,0d27b753-d355-42c0-a22c-892cc75f0c3f,,,,初回登録
267cfe74-61f0-4b94-a7e2-0384c87e030f,2025-10-09 9:45:00,犬山,INSERT,観察記録,205d2676-2892-4a9f-82c4-5eb59c858190,,,,初回登録
08855584-2544-4efd-a336-a3b7754127c2,2025-10-09 9:45:00,犬山,INSERT,観察記録,351ef40b-cb92-4874-a125-cb2ffb43a621,,,,初回登録
d9845eda-e42d-4b63-b3c1-2d584ddc70e5,2025-10-09 9:45:00,犬山,INSERT,観察記録,73a50d21-beec-4042-bc67-61ab1f8d7e0d,,,,初回登録
31e61966-ddf3-43e0-abef-0be113fc8bd3,2025-10-09 9:45:00,田中,INSERT,観察記録,3574eb24-72a0-4ab0-85fa-53bcfd93d245,,,,初回登録
def894cb-ad35-4e95-8a5c-d46618388ed5,2025-10-10 10:00:00,佐藤,INSERT,観察記録,4ced8a4d-aad4-4c93-946e-e86dd9f6dded,,,,初回登録
6e5523aa-aca5-4e62-ab56-639973be3c3c,2025-10-10 10:15:00,鈴木,INSERT,観察記録,372e515e-e105-489d-8081-c006318f16f3,,,,初回登録
1f234647-4de4-48f1-a3d2-9b35d560ea44,2025-10-10 10:15:00,鈴木,INSERT,観察記録,217c879f-5694-46d0-b81d-c763e2bc2bc9,,,,初回登録
2b071a88-d637-46a0-8009-a6c2617b1ce7,2025-10-10 10:45:00,佐藤,INSERT,観察記録,dd565b80-2aa1-4d18-9bdf-e35e024e1344,,,,初回登録
be69e1ae-f74f-425c-9853-4f98f215a4e6,2025-10-10 9:00:00,田中,INSERT,観察記録,cf2a90b3-3576-4ec9-a045-af646e678b56,,,,初回登録
7a312deb-8da7-4654-a783-608a49ffbaa2,2025-10-10 9:00:00,佐藤,INSERT,観察記録,d9967d6d-7c61-4ff2-8ccc-84930b35e06f,,,,初回登録
9052c16e-c818-4eb5-a0ba-8a9f958d35eb,2025-10-10 9:00:00,田中,INSERT,観察記録,eacac785-563b-41a4-a940-08285244db6d,,,,初回登録
36ecc4d2-9fe0-40e2-938e-afbe07c4f78b,2025-10-10 9:15:00,田中,INSERT,観察記録,54a1f35e-b161-481f-adfa-7ce746a82663,,,,初回登録
992e8b00-f5e9-4d83-bedd-934ed8feff60,2025-10-10 9:45:00,佐藤,INSERT,観察記録,4a34d988-5de9-4ac7-9cfa-d3a1a25ddd96,,,,初回登録
d9dbe68e-5933-4af4-9a17-bbbc03f0f5c2,2025-10-10 9:45:00,佐藤,INSERT,観察記録,6ac85bb9-795b-406a-86ff-d6d275855726,,,,初回登録
1ae0a80a-4d70-4709-964a-cf73b1ee3888,2025-10-11 10:00:00,犬山,INSERT,観察記録,6cffea6f-87ea-4172-9250-ade0e11f30e1,,,,初回登録
52ea66ec-c87a-47a3-9983-f668461b8623,2025-10-11 10:15:00,田中,INSERT,観察記録,9c665e51-2c9b-4278-b556-b6bffee4fb4c,,,,初回登録
c2fa71e8-b8a8-44cb-8540-666a8d02b9ce,2025-10-11 10:30:00,山本,INSERT,観察記録,79f7548c-7d41-4614-aeed-a42a29beaa21,,,,初回登録
f761d2fe-d6fa-4623-971b-dd8c3ce09cbf,2025-10-11 9:00:00,佐藤,INSERT,観察記録,d500c21c-6356-4562-853d-b47759a95ef3,,,,初回登録
600e5ad8-734f-4258-b574-2ae774bd68e9,2025-10-11 9:00:00,鈴木,INSERT,観察記録,3dbf78b7-4488-42fb-a5d6-b59e05301adb,,,,初回登録
ef45a701-758d-438b-a23e-d675438bca34,2025-10-11 9:00:00,犬山,INSERT,観察記録,91cf8443-d652-4f15-a7ef-dc5e9565005c,,,,初回登録
9c1c06f0-a67d-4804-a5a4-bd9cefaeb637,2025-10-11 9:15:00,山本,INSERT,観察記録,b8cded91-c335-48a4-ac52-e366b286e57e,,,,初回登録
c24b20b8-66f7-4539-928b-2405e8d5e6e4,2025-10-11 9:15:00,田中,INSERT,観察記録,00bb5bad-9d41-435a-9af7-a6da1eb8417e,,,,初回登録
75ecaa0c-cfb1-46bc-ad23-bffdb35898ff,2025-10-11 9:30:00,鈴木,INSERT,観察記録,28e73f8a-7624-4332-af16-f07e7cf72302,,,,初回登録
20dd3a15-797a-41fa-9f94-d6a41ea4abb2,2025-10-11 9:45:00,田中,INSERT,観察記録,a0231a1d-8b24-4c80-bae9-1eeaeae30bf4,,,,初回登録
51e3b6e9-d9cd-47fc-b2bd-d097d8f22e58,2025-10-12 10:15:00,犬山,INSERT,観察記録,ca3f6889-5950-4337-8cea-1ed60be269ae,,,,初回登録
94c360d4-0035-4a29-ae7f-58f8c6126ffb,2025-10-12 10:15:00,犬山,INSERT,観察記録,25ded826-01c2-4b32-a48d-7e1aac91aa34,,,,初回登録
448a6fd5-9c05-403a-890e-a66462c514d4,2025-10-12 10:45:00,田中,INSERT,観察記録,a5232fbd-9098-4dad-9c45-a4e71032fbdc,,,,初回登録
348af3db-5c6c-48fc-9773-64de72014a55,2025-10-12 10:45:00,犬山,INSERT,観察記録,9e0260e6-f80a-4bc4-ae9e-ed796eee62f1,,,,初回登録
0597c876-50ac-41ca-84ae-c1dc682d5255,2025-10-12 9:00:00,犬山,INSERT,観察記録,0d597846-94ff-49b1-8103-a0718e34a620,,,,初回登録
edf3b5e5-b0ba-4917-bf43-752be83ef6e1,2025-10-12 9:15:00,犬山,INSERT,観察記録,baf8cb3a-f772-4160-9f53-292b1cd35b32,,,,初回登録
c8063d11-0021-4fdb-a853-a62ae511abb4,2025-10-12 9:15:00,佐藤,INSERT,観察記録,798ba1e2-4701-4944-b26d-f60ee764b10a,,,,初回登録
4faf2d0e-9651-4710-af4a-0707816caed6,2025-10-12 9:30:00,山本,INSERT,観察記録,34a11124-6eef-4de4-b154-bd69350c651d,,,,初回登録
5325ca21-01c3-4566-931d-fa16d7ad1fab,2025-10-12 9:30:00,山本,INSERT,観察記録,c41fd9b6-5974-473f-929e-64d410506af3,,,,初回登録
f3ff0e32-5804-4fc4-8ca3-c67d2490f073,2025-10-12 9:30:00,犬山,INSERT,観察記録,ecf9c07f-8d5c-4290-acc8-6aab3d3516ca,,,,初回登録
d4596443-9c4b-475f-96ec-693d816b5fca,2025-10-13 10:15:00,犬山,INSERT,観察記録,f3f2d2d7-4f80-4fff-ac34-4f3200e8fbe9,,,,初回登録
1fe1a87c-535a-4855-952a-a5b6b3604ad8,2025-10-13 10:15:00,犬山,INSERT,観察記録,c14abd60-0d89-40cc-a8be-268aa40504ed,,,,初回登録
cfbc04a5-5c8f-4946-9ab7-5600b220259f,2025-10-13 10:30:00,田中,INSERT,観察記録,3b7fade2-a78b-4de9-9a4f-278a349913f8,,,,初回登録
e70a5e40-ffd3-468c-8d17-392fa7ccdbdb,2025-10-13 10:30:00,鈴木,INSERT,観察記録,17927191-d6c8-4efb-b644-46483b47706d,,,,初回登録
58b954e8-1ffe-44ff-b559-1e0f88773ebd,2025-10-13 10:30:00,鈴木,INSERT,観察記録,6b1c58ba-865f-4070-adee-ca5198349f44,,,,初回登録
2785fee0-ac81-4f4b-8665-3b2b22458845,2025-10-13 9:00:00,鈴木,INSERT,観察記録,30ad6656-95e8-4a66-a1fe-c81543607ff8,,,,初回登録
688865bf-103c-4202-bc14-87776397cd73,2025-10-13 9:00:00,犬山,INSERT,観察記録,28794309-f3e3-45f8-8051-9844a0b496e7,,,,初回登録
f588ee74-0111-41f4-bef0-d3fbb9d1a5fb,2025-10-13 9:15:00,山本,INSERT,観察記録,2c407072-a905-44e8-8e9b-f2091489977c,,,,初回登録
2a65bcbf-a57e-4b5d-a28c-d94f2ab4ac10,2025-10-13 9:45:00,山本,INSERT,観察記録,c0038fe3-f9a5-474d-bb74-ff8219431624,,,,初回登録
50f9143f-0b9d-4281-bca6-caeba6f68e98,2025-10-13 9:45:00,田中,INSERT,観察記録,79c00757-3565-40a0-836d-a2898eb3e074,,,,初回登録
5d700931-a581-41a4-9cfa-eee0492b531f,2025-10-14 10:00:00,犬山,INSERT,観察記録,57deeb1c-b1b7-4200-93f6-12426701a43a,,,,初回登録
48ee39c6-1f8f-4f3d-bfeb-40eed3c8950d,2025-10-14 10:00:00,山本,INSERT,観察記録,c3d7c563-1e02-400b-83ef-7e93e5ca0d73,,,,初回登録
ecd6aee0-f8e7-4bfd-a8ca-9797f8413bb2,2025-10-14 10:15:00,犬山,INSERT,観察記録,55e79df7-1406-44b9-8b65-5836d8f7216a,,,,初回登録
566368c5-1cf3-4b2d-bd86-7ef7b7acc3d8,2025-10-14 10:30:00,犬山,INSERT,観察記録,07c24599-ffa7-43fe-abc1-841f12cd7e39,,,,初回登録
371764ef-211b-4311-ad01-81ac1352c94a,2025-10-14 10:30:00,山本,INSERT,観察記録,3fbfb753-69c1-4407-b1ce-663cd6c90879,,,,初回登録
23d50755-4539-46ea-b653-c0632e143e3b,2025-10-14 10:30:00,佐藤,INSERT,観察記録,ee1cece0-8094-43eb-b2b8-718445211307,,,,初回登録
dc976636-4510-4cc1-82f8-b33ab53807fc,2025-10-14 10:30:00,佐藤,INSERT,観察記録,6ef3dc14-8dee-4b7f-9b32-f5a9f20c1b54,,,,初回登録
814aa341-de49-4299-9026-284b1934967d,2025-10-14 9:00:00,鈴木,INSERT,観察記録,71c81f43-5d1f-4dd0-8b57-ef378012a42e,,,,初回登録
3f19014c-c885-4e10-8802-01ac3a0c355e,2025-10-14 9:00:00,田中,INSERT,観察記録,f9c65af9-233c-42c0-ab46-d8e48fe6433a,,,,初回登録
3f7238ad-cf62-4ef9-81fa-4f46b5f7110f,2025-10-14 9:15:00,犬山,INSERT,観察記録,a8291940-a01c-4a55-ac76-b30df305cb7a,,,,初回登録
fc80a8e5-60ae-4102-a94c-c85df67a95ab,2025-11-01 10:00:00,佐藤,INSERT,観察記録,36aad507-6200-4e92-8d9f-16285135864a,,,,初回登録
4a09b599-e885-4436-b813-53d3a9affa2e,2025-11-01 10:00:00,佐藤,INSERT,観察記録,12b71a4f-7f32-4501-af6e-ad258994b3ae,,,,初回登録
bbcd3823-49ed-4867-9a7f-f7c11488de3c,2025-11-01 10:15:00,鈴木,INSERT,観察記録,765cc4e2-dc19-4240-8172-bcb93eb2ada3,,,,初回登録
3db9aeca-bcef-47ea-97c1-54a5d31a5e4b,2025-11-01 10:30:00,犬山,INSERT,観察記録,5bcc2a9c-9e53-4c4c-b7fe-419b87f90a84,,,,初回登録
5aa6ab9c-5f61-4dff-a354-ddfec0a3d0cd,2025-11-01 10:45:00,佐藤,INSERT,観察記録,4b0ff122-374f-4e37-b844-65ab5a9b061c,,,,初回登録
f9f66307-636f-41e9-91bd-0a230d9c162f,2025-11-01 9:00:00,鈴木,INSERT,観察記録,47feb09a-1ad7-4865-a1fe-03d620a57bbd,,,,初回登録
d1c29be5-da11-43d0-93c6-9bd193ab3601,2025-11-01 9:15:00,鈴木,INSERT,観察記録,b2cf5aa8-0293-4ad4-ab4f-cacc84710a4b,,,,初回登録
22c48f28-5053-4c8f-b891-ddce329f6480,2025-11-01 9:30:00,佐藤,INSERT,観察記録,3c39192d-2699-44f5-8a53-fbed67bed67a,,,,初回登録
bd721bae-e835-491e-bc0b-11aba834e228,2025-11-02 10:00:00,犬山,INSERT,観察記録,68fc6fe9-ff79-40bc-9a89-a3b99560933b,,,,初回登録
48ec3ab9-e4fa-4554-a5b7-d77f5aa767f9,2025-11-02 10:00:00,鈴木,INSERT,観察記録,d28e6456-374f-4a31-8d05-6f95c1431ed5,,,,初回登録
4e88b930-ee5a-4ec8-ab49-63fd9aa7fc1b,2025-11-02 10:15:00,田中,INSERT,観察記録,89dbbca4-054e-47a8-96fd-a814eb32249d,,,,初回登録
875ced45-ddaf-4b04-95d4-3198db106cb9,2025-11-02 10:15:00,犬山,INSERT,観察記録,827bc832-a146-468a-8074-62195eaec2b4,,,,初回登録
e926948c-d333-4071-9fa8-a0355cbb157d,2025-11-02 10:15:00,山本,INSERT,観察記録,daf93e13-a1a2-4d52-81c6-b24cf5639df1,,,,初回登録
c238bf2c-9ea7-4a6d-9808-3bd55074dfe3,2025-11-02 10:45:00,鈴木,INSERT,観察記録,e165ef83-665f-4713-b71f-c0d7eac71c0c,,,,初回登録
958fc24a-9802-4217-bde2-082177a48667,2025-11-02 9:00:00,田中,INSERT,観察記録,772312d6-f1cd-4ed1-9219-5174addcce4e,,,,初回登録
9cba4992-f0ad-4874-9a5f-1cf53bb110e7,2025-11-02 9:45:00,鈴木,INSERT,観察記録,306ce027-f397-4652-9288-ffcd2004308f,,,,初回登録
19a035ef-762a-4bd2-8f7b-1641385663e6,2025-11-03 10:15:00,佐藤,INSERT,観察記録,3e78d8b9-91e7-4717-af85-8a98a2f81567,,,,初回登録
b2c6bfd6-1662-43cb-bb9a-87847818c600,2025-11-03 10:15:00,山本,INSERT,観察記録,7d6e27d8-05e4-4c78-ba42-f9f9e1c145b1,,,,初回登録
e0f8a626-9de9-466f-aaa7-4470259a4c33,2025-11-03 10:45:00,鈴木,INSERT,観察記録,eaddb521-bf05-4595-9832-80e5b9281150,,,,初回登録
cb496b19-1a66-4eb0-b13d-5f2f4ea554ee,2025-11-03 9:00:00,犬山,INSERT,観察記録,064f8b69-37df-4904-9edf-6a999cd6cbfe,,,,初回登録
63be6142-f0c0-4741-9540-b61b414c427a,2025-11-03 9:00:00,山本,INSERT,観察記録,6fea623d-4a34-4c6e-b717-e84b58d65a54,,,,初回登録
9c66c572-da67-4449-a888-d7dd1d142655,2025-11-03 9:45:00,佐藤,INSERT,観察記録,80b07242-04f1-4b1a-9fb6-be5210ac8574,,,,初回登録
85e5543b-ff21-475e-b616-ab4876f7c92f,2025-11-03 9:45:00,犬山,INSERT,観察記録,b9ff733b-84de-4995-b1e4-babd4dd83467,,,,初回登録
ded055aa-a12b-48c5-ad3e-ada26be37478,2025-11-03 9:45:00,犬山,INSERT,観察記録,8e50a558-ae80-4e61-a39f-5540883b4702,,,,初回登録
07ea2538-9499-42b3-bbae-0b01481db4a8,2025-11-04 10:00:00,鈴木,INSERT,観察記録,b9be5c47-0fcd-484e-bea4-8821088367fa,,,,初回登録
0404418d-5b31-4dad-8b35-41c7192efef6,2025-11-04 10:30:00,佐藤,INSERT,観察記録,d4091792-4e05-4024-b08b-20b4fd60361e,,,,初回登録
17dc567b-eda4-4e34-b72e-47f100cb46d4,2025-11-04 10:45:00,鈴木,INSERT,観察記録,ef17ccf3-f477-41f8-a82c-3ec50b2efd1c,,,,初回登録
8794060e-0e6b-48d9-8e8d-060a38f3e53b,2025-11-04 9:00:00,鈴木,INSERT,観察記録,7155ed1e-b674-485e-9eaa-09ab1a7006f9,,,,初回登録
a11cd415-85dc-40d0-a7ac-e1a1635d961c,2025-11-04 9:15:00,田中,INSERT,観察記録,ede3331e-ef66-4203-aaed-6b5d92d4b081,,,,初回登録
b16e326a-3924-4b0f-88d5-80ea15072a41,2025-11-04 9:15:00,佐藤,INSERT,観察記録,12ba82d0-d0c8-434e-b427-116272214cb6,,,,初回登録
3120537c-200b-49d9-958c-09a2e8fdbcf1,2025-11-04 9:15:00,山本,INSERT,観察記録,547620c8-fbdb-4e01-a154-ba85e8520d72,,,,初回登録
fc0adccc-c818-47ce-93d2-ae498dc70553,2025-11-04 9:30:00,犬山,INSERT,観察記録,c04fa391-09fc-49b4-904f-711b8bcb18b5,,,,初回登録
61fabfba-ef76-4878-adf1-e3e2d756d25a,2025-11-05 10:00:00,山本,INSERT,観察記録,9c3dda0d-cae3-4765-a0bc-8624ac8da752,,,,初回登録
6130fc58-ecb7-4b3e-8efc-84adf6a4df33,2025-11-05 10:15:00,犬山,INSERT,観察記録,2c438c04-1071-4f23-8c37-6f26eb3fdbff,,,,初回登録
20a95c82-7c1c-48b8-b4fc-1a39c3e3ee84,2025-11-05 10:15:00,犬山,INSERT,観察記録,3fcb1481-cd1d-4c6c-852d-80d34184c7ab,,,,初回登録
bf710be5-7469-4460-998e-07b4d088a898,2025-11-05 9:00:00,犬山,INSERT,観察記録,ff56083c-ab1a-4661-a090-1b7dfe7ac744,,,,初回登録
858a2ce2-e811-48f5-b08d-3eac8de55330,2025-11-05 9:15:00,佐藤,INSERT,観察記録,23d1e3cf-7590-44a7-88af-8c54270d9347,,,,初回登録
27077db5-b65e-45b2-b780-aeb5ed4e462c,2025-11-05 9:15:00,田中,INSERT,観察記録,da562a65-00ed-477f-8592-3eafb96ef86f,,,,初回登録
33b82890-274f-4e1a-a131-65e0aab2eff3,2025-11-05 9:30:00,犬山,INSERT,観察記録,1e2ce379-a27c-4334-8edc-6eeb5f66eb2c,,,,初回登録
fd982f70-367a-4986-907f-528b7ee4a187,2025-11-05 9:30:00,山本,INSERT,観察記録,205c65e7-cb83-42b9-bfde-23375c87de7e,,,,初回登録
4e05b8c0-03ac-4732-b48e-e4d514740ecf,2025-11-06 10:00:00,鈴木,INSERT,観察記録,264d61bd-45e5-4d73-b4a6-20f200f26b34,,,,初回登録
cbf933c7-e4a5-4adc-bfc2-44bb766c7a78,2025-11-06 10:45:00,佐藤,INSERT,観察記録,b5f020c3-b264-4337-85c8-a4cd51f47f9b,,,,初回登録
bb0cfc33-9576-4833-a814-91311d06a94e,2025-11-06 10:45:00,山本,INSERT,観察記録,ce7f1d51-d939-4ca9-8247-8e8182b763cb,,,,初回登録
857d6e57-d46b-43e9-81ef-88a2c5e913ae,2025-11-06 10:45:00,犬山,INSERT,観察記録,f81338f2-e4ef-4aeb-819a-00b4b1f459d7,,,,初回登録
ca61c159-e0ed-4030-9ffd-88bf6e990721,2025-11-06 10:45:00,田中,INSERT,観察記録,8528cb0f-450b-42bf-95c6-39317df59ae2,,,,初回登録
6eb78737-c1fd-49da-a8d4-c07f0dd92225,2025-11-06 10:45:00,鈴木,INSERT,観察記録,3ec1f2b7-1ada-455b-8274-7398d92a680f,,,,初回登録
1b9b3a3c-0f87-46f9-bcd0-d9c13b712197,2025-11-06 11:37:00,田中,UPDATE,観察記録,f0477d45-d404-4f8a-9dea-08cb0753d882,直腸温,39.5,39.3,記入ミス修正
5ef9b429-99df-4e51-8abf-77178d0334b3,2025-11-06 9:30:00,犬山,INSERT,観察記録,f0477d45-d404-4f8a-9dea-08cb0753d882,,,,初回登録
2e7ba9ad-ef27-4b6e-8f8a-8e3a12b6e495,2025-11-06 9:30:00,佐藤,INSERT,観察記録,b1730d06-a3a3-46d7-8c24-2bdb0b39b730,,,,初回登録
5c69d2d7-1a99-4225-a597-18443bf9637b,2025-11-07 10:00:00,鈴木,INSERT,観察記録,35a9c8a0-f5f5-4da4-9ff0-83d60c03912a,,,,初回登録
05e46826-fae6-43d7-8fb3-e3cb98a655de,2025-11-07 10:30:00,犬山,INSERT,観察記録,6c5d0ef3-5a48-4bd8-98a2-5ced02d1bf00,,,,初回登録
0ecfed4d-a978-44f8-8713-b22917bb8573,2025-11-07 12:31:00,山本,UPDATE,観察記録,bf028a58-6760-4ebc-9551-7658d6d0a694,食欲,2,1,確認者による修正
75da8ae7-4ebc-49b1-b12e-0a51c42c5330,2025-11-07 9:00:00,山本,INSERT,観察記録,3ef5f644-ca60-4874-bb7d-daf605d7ebda,,,,初回登録
3e8a999b-4d38-4043-af7e-f58365457d42,2025-11-07 9:15:00,山本,INSERT,観察記録,c13c6e10-3d61-4e9e-94e2-5c263a15153b,,,,初回登録
ea8aa548-b3d5-4841-bf2a-81a703105ac7,2025-11-07 9:15:00,山本,INSERT,観察記録,e67f9977-c421-48c8-979b-2000af9424d1,,,,初回登録
4066e771-b31e-4d30-bfa4-85733e07bf58,2025-11-07 9:15:00,山本,INSERT,観察記録,bdd130d6-0bb2-4eb9-aab9-2cdc5a17fed3,,,,初回登録
2b9ffd06-efe9-4d43-94c5-8285521321b6,2025-11-07 9:15:00,山本,INSERT,観察記録,bf028a58-6760-4ebc-9551-7658d6d0a694,,,,初回登録
ad0db9bb-434c-4ef4-a7d6-48368f22bc50,2025-11-07 9:30:00,田中,INSERT,観察記録,d1347b7c-d002-4d67-9f0d-1d90a1e926e5,,,,初回登録
aa62dcd1-6e37-4843-b5d6-b39525f1970a,2025-11-08 10:15:00,佐藤,INSERT,観察記録,3e3c11ca-5e73-42b2-8c0c-9108c8ead469,,,,初回登録
b8c76b38-c544-43d8-9b46-87e7f4098a51,2025-11-08 10:45:00,田中,INSERT,観察記録,36d228f8-ea19-4886-8ea7-31337f1ed5e7,,,,初回登録
e3104913-dbaa-4952-aed7-e7974e321b56,2025-11-08 10:45:00,犬山,INSERT,観察記録,d1e76cbc-40cb-4d90-b82a-2ab7bd1d38a6,,,,初回登録
22b308e7-1c93-47d5-be70-cb670cac9732,2025-11-08 10:45:00,田中,INSERT,観察記録,c87d23a2-783e-4435-aac2-c1f4a7351785,,,,初回登録
c70fcce5-1445-4822-95d2-72382d90ced6,2025-11-08 9:00:00,田中,INSERT,観察記録,726713b8-f5cf-415b-8f53-28b081ce9a17,,,,初回登録
4cb31de8-a72d-477a-984e-9862954cb388,2025-11-08 9:30:00,田中,INSERT,観察記録,f0e43fe2-fa12-49eb-88fc-ba4f801691c5,,,,初回登録
a6bd2865-68c4-4544-a0ce-3f84b9c639b1,2025-11-08 9:30:00,田中,INSERT,観察記録,f0920b2c-b8ff-4256-9f07-c56d3daae06d,,,,初回登録
eee23daf-155f-4591-9193-b083cd9c3e40,2025-11-08 9:45:00,佐藤,INSERT,観察記録,2fd5ada2-ff03-4330-97ce-e0c38f625af2,,,,初回登録
4b476e76-0b2d-408f-a5a1-686d50850935,2025-11-09 10:00:00,犬山,INSERT,観察記録,b524e8a1-f91d-47b7-9e0e-6da54fa8692a,,,,初回登録
d696bdbf-f879-4d98-b523-458b36f6bc39,2025-11-09 10:15:00,田中,INSERT,観察記録,8c4c54da-e962-4136-b803-18fb6399a4f3,,,,初回登録
309ea598-8e1d-4dda-94e7-55bfca768efc,2025-11-09 10:15:00,山本,INSERT,観察記録,42613e7c-1e97-43da-b64e-9ec0bb4466fa,,,,初回登録
f2303b6c-f7c2-47a3-8435-08f68b300c8f,2025-11-09 10:15:00,佐藤,INSERT,観察記録,1be862bb-c706-4b8e-ab42-3fa07e6827f8,,,,初回登録
afb24099-700c-41fa-b712-25f5c5256ca7,2025-11-09 14:54:00,犬山,UPDATE,観察記録,b524e8a1-f91d-47b7-9e0e-6da54fa8692a,直腸温,39.1,39.2,記入ミス修正
4ab8bb9d-221e-46fc-a602-99d38db1e822,2025-11-09 9:15:00,山本,INSERT,観察記録,491d7177-fdaa-4d44-9f79-487703490c9e,,,,初回登録
1c9bb059-0578-4ab8-81a3-58c2d13501b3,2025-11-09 9:45:00,田中,INSERT,観察記録,7db4c761-bbb8-4e6a-8be1-b2b0645d18f8,,,,初回登録
7b8631c4-da7c-4af3-862a-06a993329c17,2025-11-09 9:45:00,山本,INSERT,観察記録,50c18cdc-29d7-49f2-a4b7-fd69a0280d98,,,,初回登録
226d9b79-6bad-4217-b578-c7e193d2cacd,2025-11-09 9:45:00,山本,INSERT,観察記録,9f10b478-3780-4b7d-9db9-00b71333e7ec,,,,初回登録
81242d25-910d-4398-b414-a4e3e66f0021,2025-11-10 10:00:00,鈴木,INSERT,観察記録,246da82a-dbd7-4d4a-83b7-06c9434b512d,,,,初回登録
cdf44d42-5150-42e8-9afe-cf084b82a4d6,2025-11-10 10:15:00,犬山,INSERT,観察記録,b57288fb-364f-4c14-a59f-9833d4c6b28c,,,,初回登録
c8c2092b-1fc2-4bcd-8047-1c8e1334c4f3,2025-11-10 10:15:00,鈴木,INSERT,観察記録,03b82846-68d3-47b3-8ab1-8cdd5ead8573,,,,初回登録
4c2ed9da-44d4-4518-b581-bf2c27ff3203,2025-11-10 10:30:00,田中,INSERT,観察記録,e9468a63-6d4f-4bf0-9a3d-95b775021015,,,,初回登録
937b2cf1-da9a-4326-9347-389d9960a512,2025-11-10 11:33:00,田中,UPDATE,観察記録,246da82a-dbd7-4d4a-83b7-06c9434b512d,直腸温,39.0,38.8,再計測による修正
8071f608-692b-4dbc-b1fc-fafef732bc32,2025-11-10 13:14:00,鈴木,UPDATE,観察記録,bdf0849a-040a-4bc0-b6c0-78cb213bab5d,食欲,1,0,再計測による修正
9a763648-4990-4847-af12-eeaa32250edb,2025-11-10 9:00:00,山本,INSERT,観察記録,bdf0849a-040a-4bc0-b6c0-78cb213bab5d,,,,初回登録
af1f9b69-b98d-4744-a4bc-306314a5d45b,2025-11-10 9:00:00,鈴木,INSERT,観察記録,ac6d8a2b-d6c6-4c46-8acf-6c1d2b89d19e,,,,初回登録
125e4c3a-1339-4b98-a703-828ba3c75412,2025-11-10 9:15:00,鈴木,INSERT,観察記録,8b2a47f1-7e82-41ed-af6a-f414d40281db,,,,初回登録
688a99f2-3faf-4481-81ac-d0bb0281bed6,2025-11-10 9:15:00,鈴木,INSERT,観察記録,1b911ef1-cee1-428c-969e-42187bc064da,,,,初回登録
b1d2f905-0921-464a-998e-69eabfa7fc1a,2025-11-11 10:00:00,田中,INSERT,観察記録,b8b2ce9f-7da7-41c3-8d11-a251e537c2d2,,,,初回登録
e8b04b95-b003-4178-a84c-f4e4ce940804,2025-11-11 10:00:00,山本,INSERT,観察記録,d239bce5-21b2-48b8-b9bc-2f583b74cf84,,,,初回登録
1701fa15-1ad2-49ad-8143-6cdba617aba4,2025-11-11 10:15:00,鈴木,INSERT,観察記録,afb4ff86-1594-49e2-b699-f6c8b9e61409,,,,初回登録
0148598b-1dc6-4667-adf9-228ebc3a4ef3,2025-11-11 9:15:00,犬山,INSERT,観察記録,97a3bac3-fef4-4fe8-8802-5af84624eea9,,,,初回登録
9265fd88-301e-42a0-b696-06951b542f49,2025-11-11 9:15:00,鈴木,INSERT,観察記録,18e035f2-e189-4afa-b7eb-b40fa4ba546e,,,,初回登録
5d2a7b31-9933-4ec4-8775-9c560a859014,2025-11-11 9:15:00,犬山,INSERT,観察記録,d2913413-858b-4a4b-8fed-3892c22abdda,,,,初回登録
970a936b-6b66-48b2-9cda-38c6c9808681,2025-11-11 9:30:00,田中,INSERT,観察記録,7f527d22-fea3-4c62-b614-ed5c580eddb1,,,,初回登録
38e5247d-1641-4a88-90c0-4dbea0504eb9,2025-11-11 9:45:00,鈴木,INSERT,観察記録,015c3b60-de80-4d9d-aeb6-e4e2ac5b0ece,,,,初回登録
1236d01e-e7f0-4974-8fd3-1542120dd194,2025-11-12 10:00:00,田中,INSERT,観察記録,0e837a39-4904-4b71-8a5c-1e04174a9592,,,,初回登録
46df0ceb-eb20-40b8-bc24-dcdc40114122,2025-11-12 10:30:00,山本,INSERT,観察記録,f4141c59-4404-4e72-9a9b-b01ebac7a6c4,,,,初回登録
97704406-92e7-417d-90a9-8f14151a2567,2025-11-12 10:30:00,犬山,INSERT,観察記録,9c7083d8-8d99-40b0-b2d5-3c147f1928a9,,,,初回登録
438bcd20-b682-4f0f-ad8d-2cdd84ab2b89,2025-11-12 10:30:00,鈴木,INSERT,観察記録,ce5103f0-9033-444d-9e19-7eb4dbcb7c7b,,,,初回登録
fa4acd5d-687b-4254-8b04-db360e07fcab,2025-11-12 10:45:00,佐藤,INSERT,観察記録,ceada345-084d-4471-b8e8-48ac0303e82b,,,,初回登録
70bd6c6a-a291-4aad-86fe-c7bc0bdc7588,2025-11-12 9:15:00,犬山,INSERT,観察記録,d2861cf8-f4ff-45b1-9d5a-de3fc960db50,,,,初回登録
e30a4dd3-55b9-4937-945d-6d0e389e55ec,2025-11-12 9:15:00,鈴木,INSERT,観察記録,e9b6bdcf-83d8-4328-9e35-39210063b9f0,,,,初回登録
0d385fbf-f817-455c-8be6-a26bb17f2ca7,2025-11-12 9:15:00,田中,INSERT,観察記録,6a17e0fe-7082-44b0-987c-3b21d737f234,,,,初回登録
8e1bd8c0-2a5a-4a5e-806a-2b75bfcf765e,2025-11-13 10:15:00,佐藤,INSERT,観察記録,7313b04a-67c2-4a29-884d-51504596c19a,,,,初回登録
f9ccb4cd-9226-4d06-ae9b-518fa2d84323,2025-11-13 10:30:00,佐藤,INSERT,観察記録,4e340f4f-3f5e-471e-9932-e837278f7086,,,,初回登録
208e25ba-1193-45d9-8c74-c7208af760c3,2025-11-13 9:00:00,山本,INSERT,観察記録,440a95a3-2271-44fa-a4db-fdaaa250720c,,,,初回登録
249a3f82-af9d-42d2-aa3e-18715da172ae,2025-11-13 9:15:00,犬山,INSERT,観察記録,68f8426f-f8d5-4c8c-97de-80dea07b5b3e,,,,初回登録
3ea80b62-ea34-423b-b5ba-ae988aad963c,2025-11-13 9:30:00,山本,INSERT,観察記録,db870ab9-27ae-4d39-bacc-4376ec1465f7,,,,初回登録
c517acfa-1dea-4783-bdbe-243600c288f3,2025-11-13 9:45:00,佐藤,INSERT,観察記録,c8d94fc9-eef0-4e51-8482-fe0891086fa5,,,,初回登録
c1ba3265-57c7-4251-9a61-a29387efb10b,2025-11-13 9:45:00,田中,INSERT,観察記録,aab08d22-7050-4b28-b170-eed2d0321f3d,,,,初回登録
7884afca-b1ca-4a8d-a9f5-d3a675a5b880,2025-11-13 9:45:00,田中,INSERT,観察記録,9f7b8ec7-1540-4c6b-87ee-a8b68d6252db,,,,初回登録
bfdf0753-3337-400a-be35-e2558018fbb7,2025-11-14 10:00:00,犬山,INSERT,観察記録,ff68ff87-a72c-4abc-a5f2-7a84e3e4570d,,,,初回登録
b8c16b68-8396-4205-a167-044419c32e13,2025-11-14 10:00:00,佐藤,INSERT,観察記録,d3676fab-180a-401c-96ab-d4e87cc69127,,,,初回登録
93ab6a26-fe66-423d-8b1e-453a72a2ffc4,2025-11-14 10:00:00,佐藤,INSERT,観察記録,dd7fbc2b-ef66-49ab-8c54-24dd573e36e7,,,,初回登録
3cbf2adf-9cce-4520-9e9b-1003f358e6bb,2025-11-14 10:15:00,佐藤,INSERT,観察記録,608d9fea-9442-403e-ab51-fc7c4f0807e7,,,,初回登録
63343912-1e06-4f61-bd37-ff2d83835e47,2025-11-14 10:15:00,山本,INSERT,観察記録,45ad0f05-a66b-4354-95a7-4a6b5ab87cab,,,,初回登録
fa7d6e54-e067-4903-a5bd-5dd8dd186aa5,2025-11-14 10:30:00,鈴木,INSERT,観察記録,312c1bc8-7518-4486-ac99-8b4d0985fd05,,,,初回登録
0cc4ede5-9da6-4480-bf12-a079e5338595,2025-11-14 9:30:00,佐藤,INSERT,観察記録,64bdb258-99de-4b2b-8b54-40eae1f78421,,,,初回登録
7d739583-a108-4a70-8f49-60affe12bc87,2025-11-14 9:45:00,田中,INSERT,観察記録,dc1a0588-e7a6-4e9c-a7e6-409d180cd204,,,,初回登録
