observation_id,score_sheet_id,observed_at,observer_name,rectal_temperature,body_weight,appetite,energy,dehydration,vomiting,feces,nasal_discharge_l,nasal_discharge_r,lacrimation_l,lacrimation_r,eye_discharge_l,eye_discharge_r,conjunctivitis_l,conjunctivitis_r,coughing,sneezing,respiratory_abnormal,remarks,image_path,created_at,created_by
cbe582fa-c228-4748-9a33-2a2ee4c57365,a5c07e4a-222a-4615-8a4b-ebf7629a9a78,2025-09-01 9:00:00,山本,38.5,9.76,0,0,0,0,0,0,0,0,0,0,0,0,0,0,0,0,,,2025-09-01 9:00:00,山本
afab617b-4d16-488c-8d15-1ef51b2759d5,a5c07e4a-222a-4615-8a4b-ebf7629a9a78,2025-09-02 10:30:00,佐藤,38.7,9.76,0,0,0,0,0,0,0,0,0,0,0,0,0,0,0,0,,,2025-09-02 10:30:00,佐藤
d9dcca10-92f3-4e0b-8cfb-8977c40ff32b,a5c07e4a-222a-4615-8a4b-ebf7629a9a78,2025-09-03 9:00:00,鈴木,38.8,9.66,0,0,0,0,0,0,0,0,0,0,0,0,0,0,0,0,,,2025-09-03 9:00:00,鈴木
4bad9d34-5648-47bc-85ea-5fd06d1f1d09,a5c07e4a-222a-4615-8a4b-ebf7629a9a78,2025-09-04 10:45:00,鈴木,38.9,9.52,0,1,0,0,0,0,0,0,0,0,0,0,0,0,0,0,,,2025-09-04 10:45:00,鈴木
277b9622-a536-4dd5-80b5-94dd92fc4a86,a5c07e4a-222a-4615-8a4b-ebf7629a9a78,2025-09-05 9:30:00,犬山,38.8,9.6,0,0,0,0,0,0,0,0,0,0,0,0,0,0,0,0,,,2025-09-05 9:30:00,犬山
b811f311-30eb-44c7-ab7b-17e3bae5a829,a5c07e4a-222a-4615-8a4b-ebf7629a9a78,2025-09-06 10:30:00,犬山,38.8,9.57,0,0,0,0,0,0,0,0,0,0,0,0,0,0,0,0,,,2025-09-06 10:30:00,犬山
173bdd94-e418-4cec-bfe7-2223b9a2c97f,a5c07e4a-222a-4615-8a4b-ebf7629a9a78,2025-09-07 9:00:00,田中,38.7,9.62,0,0,0,0,0,0,0,0,0,0,0,0,0,0,0,0,,,2025-09-07 9:00:00,田中
d7572c54-6e55-4343-8c28-506f919e3b6e,a5c07e4a-222a-4615-8a4b-ebf7629a9a78,2025-09-08 10:00:00,佐藤,38.7,9.74,0,0,0,0,0,0,0,0,0,0,0,0,0,0,0,0,,,2025-09-08 10:00:00,佐藤
2cae2473-6c0a-475b-a348-8edc4e572b0e,a5c07e4a-222a-4615-8a4b-ebf7629a9a78,2025-09-09 10:45:00,鈴木,38.6,9.67,0,0,0,0,0,0,0,0,0,0,0,0,0,0,0,0,,,2025-09-09 10:45:00,鈴木
979bc15c-2f93-4c85-ba2d-935d56cbfb28,a5c07e4a-222a-4615-8a4b-ebf7629a9a78,2025-09-10 9:45:00,田中,38.5,9.71,0,0,0,0,0,0,0,0,0,0,0,0,0,0,0,0,,,2025-09-10 9:45:00,田中
aa6d2f7d-dbed-4d53-aa2d-d637c20f9991,a5c07e4a-222a-4615-8a4b-ebf7629a9a78,2025-09-11 9:15:00,山本,38.5,9.7,0,0,0,0,0,0,0,0,0,0,0,0,0,0,0,0,,,2025-09-11 9:15:00,山本
371e9f34-e6be-4448-8bac-8a6bdcf811e8,a5c07e4a-222a-4615-8a4b-ebf7629a9a78,2025-09-12 10:15:00,鈴木,38.6,9.74,0,0,0,0,0,0,0,0,0,0,0,0,0,0,0,0,,,2025-09-12 10:15:00,鈴木
694df34a-b593-4bfa-8285-f31214a1e54e,a5c07e4a-222a-4615-8a4b-ebf7629a9a78,2025-09-13 9:00:00,犬山,38.5,9.69,0,0,0,0,0,0,0,0,0,0,0,0,0,0,0,0,,,2025-09-13 9:00:00,犬山
fdf8bd29-b34b-4b6a-be83-1588ed70efa8,a5c07e4a-222a-4615-8a4b-ebf7629a9a78,2025-09-14 9:00:00,田中,38.4,9.69,0,0,0,0,0,0,0,0,0,0,0,0,0,0,0,0,,,2025-09-14 9:00:00,田中
520970b1-febc-481b-8008-64490ddb238d,351bbdc3-25ea-4784-b250-a8cb0a2751bf,2025-09-01 9:30:00,鈴木,38.4,12.12,0,0,0,0,0,0,0,0,0,0,0,0,0,0,0,0,,,2025-09-01 9:30:00,鈴木
edeb173c-00ab-4b39-bb57-a8ced9e34c4e,351bbdc3-25ea-4784-b250-a8cb0a2751bf,2025-09-02 10:00:00,佐藤,38.5,12.11,0,0,0,0,0,0,0,0,0,0,0,0,0,0,0,0,,,2025-09-02 10:00:00,佐藤
ae404606-2337-4907-8e33-7f5d15c6095c,351bbdc3-25ea-4784-b250-a8cb0a2751bf,2025-09-03 9:30:00,田中,38.9,11.84,1,0,0,0,0,0,0,0,0,0,0,0,0,0,0,0,,,2025-09-03 9:30:00,田中
bb88165e-875c-4a05-b251-181fcb9308b1,351bbdc3-25ea-4784-b250-a8cb0a2751bf,2025-09-04 10:15:00,鈴木,38.7,11.94,1,0,0,0,0,0,0,0,0,0,0,0,0,0,0,0,,,2025-09-04 10:15:00,鈴木
c6204885-ae2f-4f2c-b3a6-5eb3cd094ba9,351bbdc3-25ea-4784-b250-a8cb0a2751bf,2025-09-05 10:15:00,佐藤,38.9,11.67,1,0,0,0,1,0,0,0,0,0,1,0,0,0,0,0,,,2025-09-05 10:15:00,佐藤
68f4cb68-26fb-478d-b9a7-d2ae0ae315f2,351bbdc3-25ea-4784-b250-a8cb0a2751bf,2025-09-06 9:00:00,佐藤,38.7,11.8,0,1,0,0,0,0,1,0,0,0,0,0,0,0,0,0,,,2025-09-06 9:00:00,佐藤
44cc17b8-b74c-443c-8d2b-7ba32b0d29a1,351bbdc3-25ea-4784-b250-a8cb0a2751bf,2025-09-07 10:30:00,鈴木,38.6,11.91,0,0,0,0,0,0,0,0,0,0,0,0,0,0,0,0,,,2025-09-07 10:30:00,鈴木
33c13ad4-7c20-4f31-b507-d9ee2a36a958,351bbdc3-25ea-4784-b250-a8cb0a2751bf,2025-09-08 9:30:00,鈴木,38.5,12.09,0,0,0,0,0,0,0,0,0,0,0,0,0,0,0,0,,,2025-09-08 9:30:00,鈴木
3bb1027b-ea7a-483b-8b1f-d0d505428f1f,351bbdc3-25ea-4784-b250-a8cb0a2751bf,2025-09-09 10:45:00,鈴木,38.5,11.95,0,0,0,0,0,0,0,0,0,0,0,0,0,0,0,0,,,2025-09-09 10:45:00,鈴木
844b8fcd-3fe0-4515-aeb0-2e74c6d9a201,351bbdc3-25ea-4784-b250-a8cb0a2751bf,2025-09-10 10:30:00,犬山,38.4,12.02,0,0,0,0,0,0,0,0,0,0,0,0,0,0,0,0,,,2025-09-10 10:30:00,犬山
48ab0fc2-bb47-4c18-85cd-79c407cab2f6,351bbdc3-25ea-4784-b250-a8cb0a2751bf,2025-09-11 10:15:00,鈴木,38.4,12.12,0,0,0,0,0,0,0,0,0,0,0,0,0,0,0,0,,,2025-09-11 10:15:00,鈴木
a3c97cbb-1c8c-4981-a1ea-7fb9e9651f09,351bbdc3-25ea-4784-b250-a8cb0a2751bf,2025-09-12 10:45:00,犬山,38.3,11.99,0,0,0,0,0,0,0,0,0,0,0,0,0,0,0,0,,,2025-09-12 10:45:00,犬山
f3e66d25-00e3-40b8-8ff7-50e067e477ff,351bbdc3-25ea-4784-b250-a8cb0a2751bf,2025-09-13 9:45:00,田中,38.5,12.09,0,0,0,0,0,0,0,0,0,0,0,0,0,0,0,0,,,2025-09-13 9:45:00,田中
2fc30826-a699-41dd-9351-8b1de439f990,351bbdc3-25ea-4784-b250-a8cb0a2751bf,2025-09-14 9:45:00,佐藤,38.5,12.1,0,0,0,0,0,0,0,0,0,0,0,0,0,0,0,0,,,2025-09-14 9:45:00,佐藤
f04c028f-39ab-4e44-8f69-47cdc8ce334c,1c4bf782-6abd-446a-97da-4644302b95d7,2025-09-01 9:15:00,犬山,38.4,10.61,0,0,0,0,0,0,0,0,0,0,0,0,0,0,0,0,,,2025-09-01 9:15:00,犬山
e4d224c1-e01c-43a0-b254-094d90985233,1c4bf782-6abd-446a-97da-4644302b95d7,2025-09-02 9:30:00,田中,38.4,10.64,0,0,0,0,0,0,0,0,0,0,0,0,0,0,0,0,,,2025-09-02 9:30:00,田中
5de72185-8186-4f72-9785-0bfdba78260a,1c4bf782-6abd-446a-97da-4644302b95d7,2025-09-03 10:45:00,犬山,39.0,10.32,1,0,0,0,0,0,0,0,0,0,0,0,0,0,0,0,,,2025-09-03 10:45:00,犬山
359d809f-70e6-4803-8cae-923de0c66385,1c4bf782-6abd-446a-97da-4644302b95d7,2025-09-04 10:30:00,山本,39.2,10.18,1,1,1,0,0,1,2,1,1,0,0,1,1,0,0,0,,images/D-003_day03_nasal_discharge.png,2025-09-04 10:30:00,山本
f5f3b3c1-130d-4c1d-b437-032da43b49be,1c4bf782-6abd-446a-97da-4644302b95d7,2025-09-05 10:30:00,鈴木,39.2,10.26,0,1,1,0,1,1,2,1,1,0,0,1,1,0,0,0,,images/D-003_day04_nasal_discharge.png,2025-09-05 10:30:00,鈴木
c784711c-bfa2-4f2a-b74d-5dc3405360da,1c4bf782-6abd-446a-97da-4644302b95d7,2025-09-06 9:45:00,佐藤,39.0,10.37,1,0,0,0,0,1,1,0,0,0,0,1,1,0,0,0,,,2025-09-06 9:45:00,佐藤
d06c6286-8175-4243-ae0e-bc169a5c33dd,1c4bf782-6abd-446a-97da-4644302b95d7,2025-09-07 9:45:00,犬山,39.1,10.37,0,0,0,0,0,0,0,0,0,0,0,0,0,0,0,0,,,2025-09-07 9:45:00,犬山
827a8c20-a230-4e30-b2c0-e813292bfb74,1c4bf782-6abd-446a-97da-4644302b95d7,2025-09-08 9:30:00,山本,38.6,10.48,0,0,0,0,0,0,0,0,0,0,0,0,0,0,0,0,,,2025-09-08 9:30:00,山本
c5601001-fd2c-4f8f-aea7-24f50ca70d33,1c4bf782-6abd-446a-97da-4644302b95d7,2025-09-09 10:45:00,山本,38.5,10.52,0,0,0,0,0,0,0,0,0,0,0,0,0,0,0,0,,,2025-09-09 10:45:00,山本
8ec1740e-3ced-4050-a12e-40062c79ce5d,1c4bf782-6abd-446a-97da-4644302b95d7,2025-09-10 10:00:00,田中,38.7,10.5,0,0,0,0,0,0,0,0,0,0,0,0,0,0,0,0,,,2025-09-10 10:00:00,田中
ad222953-38fd-4a61-844e-4f745c88da57,1c4bf782-6abd-446a-97da-4644302b95d7,2025-09-11 10:00:00,鈴木,38.5,10.53,0,0,0,0,0,0,0,0,0,0,0,0,0,0,0,0,,,2025-09-11 10:00:00,鈴木
52f3f0bb-9b3e-41ee-8bff-08d1305521a9,1c4bf782-6abd-446a-97da-4644302b95d7,2025-09-12 9:30:00,犬山,38.3,10.63,0,0,0,0,0,0,0,0,0,0,0,0,0,0,0,0,,,2025-09-12 9:30:00,犬山
b2069b7d-272f-49a6-925d-3fd69da215e6,1c4bf782-6abd-446a-97da-4644302b95d7,2025-09-13 10:45:00,田中,38.4,10.55,0,0,0,0,0,0,0,0,0,0,0,0,0,0,0,0,,,2025-09-13 10:45:00,田中
ba165ac3-4e53-4556-9fc2-573e753e485c,1c4bf782-6abd-446a-97da-4644302b95d7,2025-09-14 9:30:00,佐藤,38.4,10.58,0,0,0,0,0,0,0,0,0,0,0,0,0,0,0,0,,,2025-09-14 9:30:00,佐藤
40a23391-951a-43d4-b751-6ac0df55f933,52cb2bf5-3c83-444f-8024-7dc2532e833c,2025-09-01 10:00:00,佐藤,38.7,7.58,0,0,0,0,0,0,0,0,0,0,0,0,0,0,0,0,,,2025-09-01 10:00:00,佐藤
ee6dea05-922a-4e86-92ec-b1bc7084c80b,52cb2bf5-3c83-444f-8024-7dc2532e833c,2025-09-02 9:30:00,佐藤,38.8,7.67,0,0,0,0,0,0,0,0,0,0,0,0,0,0,0,0,,,2025-09-02 9:30:00,佐藤
5b7b48af-904a-4de7-8b57-0024a76b18be,52cb2bf5-3c83-444f-8024-7dc2532e833c,2025-09-03 10:30:00,田中,38.7,7.58,0,0,0,0,0,0,0,0,0,0,0,0,0,0,0,0,,,2025-09-03 10:30:00,田中
7a2cd9b9-2941-4a2d-84b5-0f1922eec463,52cb2bf5-3c83-444f-8024-7dc2532e833c,2025-09-04 9:45:00,鈴木,38.9,7.51,0,0,0,0,0,0,0,0,0,0,0,0,0,0,0,0,,,2025-09-04 9:45:00,鈴木
b7c72896-f6aa-424f-86df-c7fc6c09e7ba,52cb2bf5-3c83-444f-8024-7dc2532e833c,2025-09-05 10:15:00,犬山,39.0,7.45,0,0,0,0,0,0,0,0,0,0,0,0,0,0,0,0,,,2025-09-05 10:15:00,犬山
d24a93d5-e297-410d-85da-5a53cbc1fb72,52cb2bf5-3c83-444f-8024-7dc2532e833c,2025-09-06 10:30:00,田中,39.1,7.42,1,0,0,0,0,0,0,0,0,0,0,0,0,0,0,0,,,2025-09-06 10:30:00,田中
ac2b106c-c093-4ed7-a236-7a67b11b2681,52cb2bf5-3c83-444f-8024-7dc2532e833c,2025-09-07 10:00:00,山本,39.0,7.47,0,0,0,0,1,0,0,0,0,0,0,0,0,0,0,0,,,2025-09-07 10:00:00,山本
957aa19b-94ea-4a87-9e49-8eca93497ca0,52cb2bf5-3c83-444f-8024-7dc2532e833c,2025-09-08 9:15:00,鈴木,39.0,7.53,0,0,0,0,0,0,0,0,0,0,0,0,0,0,0,0,,,2025-09-08 9:15:00,鈴木
29bb7a75-c894-4540-bd36-9275e43fe880,52cb2bf5-3c83-444f-8024-7dc2532e833c,2025-09-09 10:45:00,犬山,39.1,7.64,0,0,0,0,0,0,0,0,0,0,0,0,0,0,0,0,,,2025-09-09 10:45:00,犬山
eba4d417-ea2b-4dfe-acfd-276f10ffa404,52cb2bf5-3c83-444f-8024-7dc2532e833c,2025-09-10 9:00:00,鈴木,38.8,7.65,0,0,0,0,0,0,0,0,0,0,0,0,0,0,0,0,,,2025-09-10 9:00:00,鈴木
8e9f6e37-82f1-41f6-9685-3395c2b5433a,52cb2bf5-3c83-444f-8024-7dc2532e833c,2025-09-11 10:15:00,佐藤,38.9,7.64,0,0,0,0,0,0,0,0,0,0,0,0,0,0,0,0,,,2025-09-11 10:15:00,佐藤
c755bc44-a62a-4527-bea6-318e1e3030ed,52cb2bf5-3c83-444f-8024-7dc2532e833c,2025-09-12 9:45:00,山本,38.5,7.7,0,0,0,0,0,0,0,0,0,0,0,0,0,0,0,0,,,2025-09-12 9:45:00,山本
7fadfbae-8c6e-442d-89e4-3e63ea12207a,52cb2bf5-3c83-444f-8024-7dc2532e833c,2025-09-13 9:00:00,犬山,38.7,7.67,0,0,0,0,0,0,0,0,0,0,0,0,0,0,0,0,,,2025-09-13 9:00:00,犬山
443398e4-b694-4284-9ecd-e672afe58abf,52cb2bf5-3c83-444f-8024-7dc2532e833c,2025-09-14 9:45:00,佐藤,38.7,7.59,0,0,0,0,0,0,0,0,0,0,0,0,0,0,0,0,,,2025-09-14 9:45:00,佐藤
8efab91c-a958-4371-b219-b9c912dbe30c,816494b5-c537-4f28-9835-b320a2712895,2025-09-01 9:45:00,犬山,38.6,10.72,0,0,0,0,0,0,0,0,0,0,0,0,0,0,0,0,,,2025-09-01 9:45:00,犬山
31e93321-9238-49c9-a1e3-fa564fc97932,816494b5-c537-4f28-9835-b320a2712895,2025-09-02 10:00:00,佐藤,38.7,10.76,0,0,0,0,0,0,0,0,0,0,0,0,0,0,0,0,,,2025-09-02 10:00:00,佐藤
5f1d5723-9f55-4c56-8ab5-929a00d0aa7e,816494b5-c537-4f28-9835-b320a2712895,2025-09-03 10:30:00,犬山,39.0,10.61,0,0,0,0,0,0,0,0,0,0,0,0,0,0,0,0,,,2025-09-03 10:30:00,犬山
c95114af-b90d-4ee9-9c2b-3c904919dd81,816494b5-c537-4f28-9835-b320a2712895,2025-09-04 9:00:00,犬山,39.0,10.59,0,0,0,0,0,0,0,0,0,0,0,0,0,0,0,0,,,2025-09-04 9:00:00,犬山
b5bea2c9-4b2d-44a1-b16c-1341e1d5142f,816494b5-c537-4f28-9835-b320a2712895,2025-09-05 10:30:00,田中,39.2,10.53,0,0,0,0,0,0,0,0,0,0,0,0,0,0,0,0,,,2025-09-05 10:30:00,田中
2cedb9eb-3c22-4c49-94f9-0e6a80c43d22,816494b5-c537-4f28-9835-b320a2712895,2025-09-06 10:45:00,犬山,39.0,10.54,1,0,0,0,1,1,1,0,0,0,0,0,0,0,0,0,,,2025-09-06 10:45:00,犬山
148cfc27-976c-4f6c-8dc8-29caffe2da12,816494b5-c537-4f28-9835-b320a2712895,2025-09-07 9:30:00,山本,39.3,10.49,1,0,1,0,0,0,0,0,0,0,0,0,0,0,0,0,,,2025-09-07 9:30:00,山本
050a67aa-1db5-468d-a415-da9e3444c44b,816494b5-c537-4f28-9835-b320a2712895,2025-09-08 10:30:00,犬山,39.1,10.55,0,0,0,0,0,0,0,0,0,0,0,0,0,0,0,0,,,2025-09-08 10:30:00,犬山
c69f0389-0ec9-4108-804c-4698dd918ca1,816494b5-c537-4f28-9835-b320a2712895,2025-09-09 9:00:00,山本,38.9,10.63,0,1,0,0,0,0,0,0,0,0,0,0,0,0,0,0,,,2025-09-09 9:00:00,山本
56321d93-6637-4478-958a-462ac13f3cd0,816494b5-c537-4f28-9835-b320a2712895,2025-09-10 10:30:00,佐藤,38.9,10.75,0,0,0,0,0,0,0,0,0,0,0,0,0,0,0,0,,,2025-09-10 10:30:00,佐藤
9c81e6b8-764e-4b4c-9e22-a28ea0764b65,816494b5-c537-4f28-9835-b320a2712895,2025-09-11 9:00:00,犬山,38.7,10.66,0,0,0,0,0,0,0,0,0,0,0,0,0,0,0,0,,,2025-09-11 9:00:00,犬山
4d2244cb-4682-4a62-b238-5aeeaf926872,816494b5-c537-4f28-9835-b320a2712895,2025-09-12 9:30:00,山本,38.8,10.69,0,0,0,0,0,0,0,0,0,0,0,0,0,0,0,0,,,2025-09-12 9:30:00,山本
2b6f4ae1-bc01-49cf-87e9-302c4d90e8f9,816494b5-c537-4f28-9835-b320a2712895,2025-09-13 9:15:00,佐藤,38.6,10.62,0,0,0,0,0,0,0,0,0,0,0,0,0,0,0,0,,,2025-09-13 9:15:00,佐藤
1df9d85b-bab5-453b-a64f-4c3515f239f8,816494b5-c537-4f28-9835-b320a2712895,2025-09-14 9:45:00,佐藤,38.8,10.8,0,0,0,0,0,0,0,0,0,0,0,0,0,0,0,0,,,2025-09-14 9:45:00,佐藤
51704823-3033-48d9-92e9-d72fe482f9de,f227b47d-28d0-4fd9-a04e-b294fe4e6f21,2025-09-01 9:30:00,鈴木,38.7,11.47,0,0,0,0,0,0,0,0,0,0,0,0,0,0,0,0,,,2025-09-01 9:30:00,鈴木
60b132d6-eda9-4c12-a9ae-01440363d108,f227b47d-28d0-4fd9-a04e-b294fe4e6f21,2025-09-02 9:45:00,鈴木,38.8,11.4,0,0,0,0,0,0,0,0,0,0,0,0,0,0,0,0,,,2025-09-02 9:45:00,鈴木
a06389a1-f8c6-4b26-9557-b5a61b77ef7a,f227b47d-28d0-4fd9-a04e-b294fe4e6f21,2025-09-03 10:45:00,佐藤,39.0,11.28,0,0,0,0,0,0,0,0,0,0,0,0,0,0,0,0,,,2025-09-03 10:45:00,佐藤
2e866fc6-abc8-4de6-aba6-692fa606addc,f227b47d-28d0-4fd9-a04e-b294fe4e6f21,2025-09-04 10:00:00,鈴木,39.1,11.2,1,0,0,0,0,0,0,0,0,0,0,0,0,0,0,0,,,2025-09-04 10:00:00,鈴木
30a50d96-b0b5-4ab9-8d06-184308b10d57,f227b47d-28d0-4fd9-a04e-b294fe4e6f21,2025-09-05 9:45:00,犬山,39.6,10.92,1,1,0,1,2,1,1,0,0,0,0,0,0,0,0,0,,images/D-006_day04_vomiting.png,2025-09-05 9:45:00,犬山
8feea9a9-08ec-4181-ba9b-f0c60ae9f9dc,f227b47d-28d0-4fd9-a04e-b294fe4e6f21,2025-09-06 10:00:00,鈴木,40.0,10.88,1,2,2,0,1,4,4,1,1,1,1,1,2,0,1,0,,images/D-006_day05_nasal_discharge.png,2025-09-06 10:00:00,鈴木
2ff4afd3-adfb-457b-8c5d-69f52f8994e9,f227b47d-28d0-4fd9-a04e-b294fe4e6f21,2025-09-07 9:00:00,田中,40.3,10.91,2,3,2,1,3,3,3,2,2,1,1,1,1,1,2,0,,images/D-006_day06_nasal_discharge.png,2025-09-07 9:00:00,田中
a9ed6ef3-1833-4884-90e8-f6afd39dc6cb,f227b47d-28d0-4fd9-a04e-b294fe4e6f21,2025-09-08 9:30:00,田中,40.1,10.9,2,2,1,1,3,3,3,1,1,1,1,2,2,2,1,0,,images/D-006_day07_nasal_discharge.png,2025-09-08 9:30:00,田中
646ac1d2-8ac3-4a9b-9bb8-fce612ac5e3c,f227b47d-28d0-4fd9-a04e-b294fe4e6f21,2025-09-09 9:00:00,犬山,40.4,10.83,2,2,1,1,2,4,4,1,1,1,1,2,3,2,1,0,,images/D-006_day08_nasal_discharge.png,2025-09-09 9:00:00,犬山
2620c202-06e5-40d1-ad04-b11b038a28e0,f227b47d-28d0-4fd9-a04e-b294fe4e6f21,2025-09-10 10:45:00,犬山,39.8,10.86,1,2,2,0,2,2,2,1,1,0,0,1,1,1,1,1,,images/D-006_day09_dehydration.png,2025-09-10 10:45:00,犬山
ea4446b7-94e5-4312-ab83-7b0a9af9065e,f227b47d-28d0-4fd9-a04e-b294fe4e6f21,2025-09-11 9:30:00,犬山,39.5,11.22,1,1,0,0,2,0,0,0,0,0,0,1,1,0,0,1,,images/D-006_day10_respiratory_abnormal.png,2025-09-11 9:30:00,犬山
2e380638-5fd6-4a18-a5fc-3162b0a84b93,f227b47d-28d0-4fd9-a04e-b294fe4e6f21,2025-09-12 10:00:00,山本,39.1,11.12,0,0,0,0,0,0,0,0,0,0,0,0,0,0,0,0,,,2025-09-12 10:00:00,山本
c91fb194-5216-46dd-8c30-3c860540d277,f227b47d-28d0-4fd9-a04e-b294fe4e6f21,2025-09-13 10:45:00,佐藤,39.1,11.28,0,0,0,0,0,0,0,0,0,0,0,0,0,0,0,0,,,2025-09-13 10:45:00,佐藤
582fe5e1-1c36-44e9-9f56-1f9be974a0c2,f227b47d-28d0-4fd9-a04e-b294fe4e6f21,2025-09-14 10:15:00,山本,38.9,11.33,0,0,0,0,0,0,0,0,0,0,0,0,0,0,0,0,,,2025-09-14 10:15:00,山本
4f6e3425-c25d-4d3f-8ffa-f97e11847144,c207f66a-596b-47a2-86fd-f4dcb44eca9c,2025-09-01 10:45:00,山本,38.6,11.56,0,0,0,0,0,0,0,0,0,0,0,0,0,0,0,0,,,2025-09-01 10:45:00,山本
dd361f0c-b0e4-4284-be16-f1f4cdf0a806,c207f66a-596b-47a2-86fd-f4dcb44eca9c,2025-09-02 10:15:00,鈴木,38.7,11.47,0,0,0,0,0,0,0,0,0,0,0,0,0,0,0,0,,,2025-09-02 10:15:00,鈴木
a7803003-56b2-4414-9e15-eeacc64797d2,c207f66a-596b-47a2-86fd-f4dcb44eca9c,2025-09-03 9:30:00,鈴木,39.2,11.4,0,0,0,0,0,0,0,0,0,0,0,0,0,0,0,0,,,2025-09-03 9:30:00,鈴木
636a7dcf-8f13-4788-bd34-0d08ec73aea6,c207f66a-596b-47a2-86fd-f4dcb44eca9c,2025-09-04 9:45:00,鈴木,39.4,11.29,1,1,0,0,0,0,0,0,0,0,0,0,1,0,0,0,,,2025-09-04 9:45:00,鈴木
92ff95a2-5eed-4a8e-9435-d6ea9654b13c,c207f66a-596b-47a2-86fd-f4dcb44eca9c,2025-09-05 9:45:00,犬山,39.9,11.17,1,1,0,0,1,1,1,1,1,0,0,1,1,0,0,0,,,2025-09-05 9:45:00,犬山
4f2fd560-4df4-4de9-825a-2d3690026ce1,c207f66a-596b-47a2-86fd-f4dcb44eca9c,2025-09-06 10:00:00,犬山,39.7,11.06,2,2,1,0,1,1,3,1,1,1,1,1,1,1,1,0,,images/D-007_day05_nasal_discharge.png,2025-09-06 10:00:00,犬山
ce66b0ad-a553-40c8-98c6-3cfa0f3160d2,c207f66a-596b-47a2-86fd-f4dcb44eca9c,2025-09-07 10:15:00,山本,40.1,11.13,1,2,1,1,3,4,4,1,1,1,1,1,1,1,1,0,,images/D-007_day06_nasal_discharge.png,2025-09-07 10:15:00,山本
f011d63f-4d4c-45e9-9f9a-f2a8be22f444,c207f66a-596b-47a2-86fd-f4dcb44eca9c,2025-09-08 9:30:00,山本,39.9,11.1,1,1,2,0,1,2,3,1,1,1,1,1,1,1,1,0,,images/D-007_day07_nasal_discharge.png,2025-09-08 9:30:00,山本
94587a89-32d9-4215-a13e-1f50d8aa54e2,c207f66a-596b-47a2-86fd-f4dcb44eca9c,2025-09-09 10:30:00,犬山,39.5,11.1,1,1,2,0,1,1,1,0,0,0,0,1,1,0,0,0,,images/D-007_day08_dehydration.png,2025-09-09 10:30:00,犬山
3a88742b-4047-403d-80cb-b7179256f244,c207f66a-596b-47a2-86fd-f4dcb44eca9c,2025-09-10 9:00:00,田中,39.3,11.3,0,0,1,0,0,0,0,0,0,0,0,0,0,0,0,1,,,2025-09-10 9:00:00,田中
a11df3af-05c4-4323-862b-9fc7a2d8041d,c207f66a-596b-47a2-86fd-f4dcb44eca9c,2025-09-11 9:15:00,鈴木,39.1,11.36,0,0,0,0,0,0,0,0,0,0,0,0,0,0,0,0,,,2025-09-11 9:15:00,鈴木
d52c3b66-ae5a-4673-b327-bf4466956771,c207f66a-596b-47a2-86fd-f4dcb44eca9c,2025-09-12 9:45:00,田中,38.8,11.6,0,0,0,0,0,0,0,0,0,0,0,0,0,0,0,0,,,2025-09-12 9:45:00,田中
53926751-3e7d-448f-998f-20726b0363db,c207f66a-596b-47a2-86fd-f4dcb44eca9c,2025-09-13 9:30:00,田中,38.8,11.56,0,0,0,0,0,0,0,0,0,0,0,0,0,0,0,0,,,2025-09-13 9:30:00,田中
053060ef-f2f5-4654-b301-bbbebcc77d63,c207f66a-596b-47a2-86fd-f4dcb44eca9c,2025-09-14 10:00:00,鈴木,38.8,11.54,0,0,0,0,0,0,0,0,0,0,0,0,0,0,0,0,,,2025-09-14 10:00:00,鈴木
05161068-9acc-462c-8b9d-3c606c34ebf2,026d09cc-5ebb-4da7-9d69-00e9a73173ea,2025-09-01 9:00:00,犬山,38.5,7.98,0,0,0,0,0,0,0,0,0,0,0,0,0,0,0,0,,,2025-09-01 9:00:00,犬山
1ab3d4df-7cd9-480a-b660-d565b0783631,026d09cc-5ebb-4da7-9d69-00e9a73173ea,2025-09-02 10:00:00,鈴木,38.4,8.04,0,0,0,0,0,0,0,0,0,0,0,0,0,0,0,0,,,2025-09-02 10:00:00,鈴木
307058ba-7c76-4531-9cd3-7919fea5bad5,026d09cc-5ebb-4da7-9d69-00e9a73173ea,2025-09-03 10:30:00,田中,38.6,7.98,0,0,0,0,0,0,0,0,0,0,0,0,0,0,0,0,,,2025-09-03 10:30:00,田中
8ae7379f-cda8-4c4e-a944-4f3a3d0f5e85,026d09cc-5ebb-4da7-9d69-00e9a73173ea,2025-09-04 10:30:00,山本,38.7,7.83,0,0,0,0,0,0,0,0,0,0,0,0,0,0,0,0,,,2025-09-04 10:30:00,山本
f209ebe1-490f-4901-bacb-b26245311072,026d09cc-5ebb-4da7-9d69-00e9a73173ea,2025-09-05 9:30:00,佐藤,38.8,7.73,1,1,0,0,1,0,0,0,0,0,0,0,0,0,0,0,,,2025-09-05 9:30:00,佐藤
e1f27d93-02d5-45b7-9b32-0dcc240f0cd7,026d09cc-5ebb-4da7-9d69-00e9a73173ea,2025-09-06 9:30:00,犬山,39.0,7.69,1,2,1,1,2,1,2,0,0,1,1,1,1,0,0,0,,images/D-008_day05_nasal_discharge.png,2025-09-06 9:30:00,犬山
84f8d777-8d55-42ca-a577-e7fda8e25d3d,026d09cc-5ebb-4da7-9d69-00e9a73173ea,2025-09-07 9:30:00,犬山,39.7,7.8,2,2,2,0,3,3,3,1,1,1,1,1,1,1,1,0,,images/D-008_day06_nasal_discharge.png,2025-09-07 9:30:00,犬山
0bc5238c-6a79-45ba-9510-bbcdd0ce2570,026d09cc-5ebb-4da7-9d69-00e9a73173ea,2025-09-08 9:30:00,山本,39.6,7.72,2,1,2,0,2,3,3,1,1,1,1,1,1,1,1,0,,images/D-008_day07_nasal_discharge.png,2025-09-08 9:30:00,山本
3fcdad63-25f9-4710-ac87-42b88397efcc,026d09cc-5ebb-4da7-9d69-00e9a73173ea,2025-09-09 10:45:00,鈴木,39.4,7.52,1,2,2,1,3,4,4,1,1,2,2,2,2,1,1,0,,images/D-008_day08_nasal_discharge.png,2025-09-09 10:45:00,鈴木
3bbe1620-cf06-4365-be87-7fc626462f1c,026d09cc-5ebb-4da7-9d69-00e9a73173ea,2025-09-10 9:30:00,佐藤,39.1,7.82,2,1,1,0,1,2,2,1,1,1,1,1,1,0,1,0,,images/D-008_day09_nasal_discharge.png,2025-09-10 9:30:00,佐藤
03118e2a-f768-41ab-89ab-921bce86a54c,026d09cc-5ebb-4da7-9d69-00e9a73173ea,2025-09-11 9:45:00,鈴木,39.0,7.87,0,1,0,0,1,0,0,0,0,0,0,0,0,0,1,0,,,2025-09-11 9:45:00,鈴木
e61479f4-0d4e-4512-9b09-7783004f289f,026d09cc-5ebb-4da7-9d69-00e9a73173ea,2025-09-12 9:45:00,田中,38.6,7.94,0,0,0,0,0,0,0,0,0,0,0,0,0,0,0,0,,,2025-09-12 9:45:00,田中
8d9074bd-d77e-4b42-89a8-c139bffc2f38,026d09cc-5ebb-4da7-9d69-00e9a73173ea,2025-09-13 10:30:00,山本,38.5,7.88,0,0,0,0,0,0,0,0,0,0,0,0,0,0,0,0,,,2025-09-13 10:30:00,山本
d7a6d857-6773-4cd5-9efc-a600bbbe01fc,026d09cc-5ebb-4da7-9d69-00e9a73173ea,2025-09-14 9:00:00,田中,38.4,8.04,0,0,0,0,0,0,0,0,0,0,0,0,0,0,0,0,,,2025-09-14 9:00:00,田中
3f1e8e08-6812-441a-8165-7c162fd8b929,684b98ec-dc6a-4496-9159-fb0a29083c8a,2025-09-01 10:00:00,犬山,38.5,8.25,0,0,0,0,0,0,0,0,0,0,0,0,0,0,0,0,,,2025-09-01 10:00:00,犬山
e24bf416-7a88-4ede-8860-d5f2a78d415d,684b98ec-dc6a-4496-9159-fb0a29083c8a,2025-09-02 9:45:00,田中,38.6,8.21,0,0,0,0,0,0,0,0,0,0,0,0,0,0,0,0,,,2025-09-02 9:45:00,田中
1b070892-5099-4baa-81bb-230a2819a8c8,684b98ec-dc6a-4496-9159-fb0a29083c8a,2025-09-03 9:30:00,田中,39.1,7.93,0,0,0,0,0,0,0,0,0,0,0,0,0,0,0,0,,,2025-09-03 9:30:00,田中
cf77c042-c8db-4009-bc09-01f26fd729bc,684b98ec-dc6a-4496-9159-fb0a29083c8a,2025-09-04 10:15:00,犬山,39.4,7.9,1,1,0,0,0,2,1,0,0,0,0,0,0,0,0,0,,images/D-009_day03_nasal_discharge.png,2025-09-04 10:15:00,犬山
7fb82265-e5e4-42a1-bec4-d0229f06f18c,684b98ec-dc6a-4496-9159-fb0a29083c8a,2025-09-05 9:30:00,佐藤,40.0,7.71,2,1,2,1,2,2,2,1,1,1,1,1,1,0,1,0,,images/D-009_day04_dehydration.png,2025-09-05 9:30:00,佐藤
c3a6bf54-c6ee-4bff-bd7a-2e2d9e1f7591,684b98ec-dc6a-4496-9159-fb0a29083c8a,2025-09-06 10:15:00,山本,39.8,7.91,1,2,2,1,2,4,4,2,2,1,1,1,1,1,2,0,,images/D-009_day05_nasal_discharge.png,2025-09-06 10:15:00,山本
dbb215a2-f41f-44d9-852f-e55db9dba9fd,684b98ec-dc6a-4496-9159-fb0a29083c8a,2025-09-07 10:30:00,田中,40.0,7.66,1,1,2,0,2,4,4,2,2,1,1,2,2,2,2,0,,images/D-009_day06_nasal_discharge.png,2025-09-07 10:30:00,田中
adbd59c2-1dc5-4965-993b-f850202b973e,684b98ec-dc6a-4496-9159-fb0a29083c8a,2025-09-08 10:00:00,犬山,40.0,7.66,2,2,2,1,2,2,2,1,1,1,1,2,2,1,1,0,,images/D-009_day07_dehydration.png,2025-09-08 10:00:00,犬山
d557508a-2087-4565-9dd9-8ff60b1f9fc5,684b98ec-dc6a-4496-9159-fb0a29083c8a,2025-09-09 10:45:00,犬山,39.7,7.86,1,1,1,0,2,2,2,1,1,0,0,1,2,0,1,1,,images/D-009_day08_nasal_discharge.png,2025-09-09 10:45:00,犬山
107b4442-ef6a-465f-b902-28d6a36d3b2f,684b98ec-dc6a-4496-9159-fb0a29083c8a,2025-09-10 9:15:00,犬山,39.3,8.01,0,1,1,0,0,0,0,1,1,0,0,0,0,0,0,1,,images/D-009_day09_respiratory_abnormal.png,2025-09-10 9:15:00,犬山
a192caf9-9f5e-4ce0-b1ff-65bc47b7e827,684b98ec-dc6a-4496-9159-fb0a29083c8a,2025-09-11 9:45:00,田中,38.9,8.11,0,0,0,0,0,1,0,0,0,0,0,0,0,0,0,0,,,2025-09-11 9:45:00,田中
db919755-706e-43be-bc34-73f3482f6eec,684b98ec-dc6a-4496-9159-fb0a29083c8a,2025-09-12 10:45:00,犬山,38.8,8.11,0,0,0,0,0,0,0,0,0,0,0,0,0,0,0,0,,,2025-09-12 10:45:00,犬山
49ae8b56-d39c-40d3-ae50-55ba2416a506,684b98ec-dc6a-4496-9159-fb0a29083c8a,2025-09-13 9:15:00,田中,38.8,8.19,0,0,0,0,0,0,0,0,0,0,0,0,0,0,0,0,,,2025-09-13 9:15:00,田中
d580d833-e330-448d-bc67-bd40a59a8a9a,684b98ec-dc6a-4496-9159-fb0a29083c8a,2025-09-14 10:15:00,犬山,38.6,8.21,0,0,0,0,0,0,0,0,0,0,0,0,0,0,0,0,,,2025-09-14 10:15:00,犬山
37631a5d-bdc2-4a8e-9f7c-77c0bf8cc39f,33a2945d-021f-4356-97ba-1c527445f75d,2025-09-01 10:15:00,山本,38.6,9.16,0,0,0,0,0,0,0,0,0,0,0,0,0,0,0,0,,,2025-09-01 10:15:00,山本
55bfc5fa-3df3-4c10-8d40-2521fa5db755,33a2945d-021f-4356-97ba-1c527445f75d,2025-09-02 10:15:00,山本,38.6,9.28,0,0,0,0,0,0,0,0,0,0,0,0,0,0,0,0,,,2025-09-02 10:15:00,山本
59a86985-0abc-4189-a63d-40034ae3f1da,33a2945d-021f-4356-97ba-1c527445f75d,2025-09-03 10:45:00,鈴木,38.6,9.29,0,0,0,0,0,0,0,0,0,0,0,0,0,0,0,0,,,2025-09-03 10:45:00,鈴木
625c2faa-fbd9-47eb-9812-38993ae523e5,33a2945d-021f-4356-97ba-1c527445f75d,2025-09-04 9:00:00,佐藤,38.8,9.32,0,0,0,0,0,0,0,0,0,0,0,0,0,0,0,0,,,2025-09-04 9:00:00,佐藤
ad745317-081d-4164-82c2-fd4aedf8c0df,33a2945d-021f-4356-97ba-1c527445f75d,2025-09-05 10:00:00,山本,38.9,9.15,0,0,0,0,0,0,0,0,0,0,0,0,0,0,0,0,,,2025-09-05 10:00:00,山本
08be27ab-1ffa-4ee1-bfc1-ce7cdd98893a,33a2945d-021f-4356-97ba-1c527445f75d,2025-09-06 10:00:00,田中,39.4,9.02,1,1,1,1,0,2,0,0,0,0,0,0,0,0,0,0,,images/D-010_day05_nasal_discharge.png,2025-09-06 10:00:00,田中
403edc1e-6035-46b5-96d1-509e8ce43829,33a2945d-021f-4356-97ba-1c527445f75d,2025-09-07 9:45:00,鈴木,39.8,8.68,2,1,2,0,2,2,2,0,0,1,1,1,2,0,1,0,,images/D-010_day06_dehydration.png,2025-09-07 9:45:00,鈴木
ebf7c5a0-6cef-4ad5-a6fd-b4db513a5d14,33a2945d-021f-4356-97ba-1c527445f75d,2025-09-08 9:15:00,鈴木,39.8,8.79,3,2,1,1,2,4,2,1,1,1,2,2,2,2,1,0,,images/D-010_day07_nasal_discharge.png,2025-09-08 9:15:00,鈴木
46162fcb-faab-4807-abbe-3d210c1da197,33a2945d-021f-4356-97ba-1c527445f75d,2025-09-09 9:45:00,田中,39.9,8.67,2,1,2,0,4,2,2,1,1,2,2,2,3,2,1,0,,images/D-010_day08_conjunctivitis.png,2025-09-09 9:45:00,田中
66810028-8513-402d-acd3-cc80f12da004,33a2945d-021f-4356-97ba-1c527445f75d,2025-09-10 9:15:00,山本,40.1,8.5,1,1,2,1,2,3,3,1,1,2,1,2,2,1,2,0,,images/D-010_day09_nasal_discharge.png,2025-09-10 9:15:00,山本
4563e2d6-627e-4ab9-9302-1336313dcf7f,33a2945d-021f-4356-97ba-1c527445f75d,2025-09-11 10:45:00,田中,39.8,9.09,1,1,1,0,1,1,3,1,1,1,1,1,1,1,1,1,,images/D-010_day10_nasal_discharge.png,2025-09-11 10:45:00,田中
ae8e48ce-7da5-434a-b20c-36d79bb1eb20,33a2945d-021f-4356-97ba-1c527445f75d,2025-09-12 10:15:00,田中,39.0,8.82,1,0,0,0,1,1,0,1,0,0,0,0,0,0,0,0,,,2025-09-12 10:15:00,田中
b8753e28-ef47-4e57-b32f-c9f3f272ac87,33a2945d-021f-4356-97ba-1c527445f75d,2025-09-13 9:15:00,山本,38.9,9.19,1,1,0,0,0,0,0,0,0,0,0,0,0,0,0,0,,,2025-09-13 9:15:00,山本
cd32c70a-1c85-4bbb-86ad-d1ceedf8034d,33a2945d-021f-4356-97ba-1c527445f75d,2025-09-14 9:45:00,犬山,38.6,9.1,0,0,0,0,0,0,0,0,0,0,0,0,0,0,0,0,,,2025-09-14 9:45:00,犬山
2fe33d14-7b3d-48d2-8df9-bd7b86ba7c2d,42953009-90e8-46bf-9138-8aa32f70976f,2025-10-01 9:45:00,山本,38.4,9.01,0,0,0,0,0,0,0,0,0,0,0,0,0,0,0,0,,,2025-10-01 9:45:00,山本
83005b48-3536-42c2-9da3-81afe43385ef,42953009-90e8-46bf-9138-8aa32f70976f,2025-10-02 10:15:00,田中,38.5,8.94,0,0,0,0,0,0,0,0,0,0,0,0,0,0,0,0,,,2025-10-02 10:15:00,田中
b064eaec-a411-4a81-876e-c82dd77677a7,42953009-90e8-46bf-9138-8aa32f70976f,2025-10-03 9:45:00,田中,38.9,8.8,1,1,0,0,0,0,0,0,0,0,0,0,0,0,0,0,,,2025-10-03 9:45:00,田中
c147820a-42da-4b50-a33e-88e6cf5f9d4b,42953009-90e8-46bf-9138-8aa32f70976f,2025-10-04 9:15:00,田中,39.2,8.68,0,1,0,0,1,0,0,0,1,0,1,0,0,0,0,0,,,2025-10-04 9:15:00,田中
004bc4a7-a71e-4faa-a1da-a02b5f63fd75,42953009-90e8-46bf-9138-8aa32f70976f,2025-10-05 10:45:00,犬山,38.8,8.68,1,1,0,0,1,0,0,1,1,0,0,1,1,0,0,0,,,2025-10-05 10:45:00,犬山
c6df6651-e2d2-411d-9ca6-e93a8e07104a,42953009-90e8-46bf-9138-8aa32f70976f,2025-10-06 10:30:00,佐藤,39.0,8.68,1,1,0,0,1,2,2,1,0,0,0,1,1,0,1,0,,images/D-101_day05_nasal_discharge.png,2025-10-06 10:30:00,佐藤
e0527a5a-3e98-480b-b7df-b2410e4df3b6,42953009-90e8-46bf-9138-8aa32f70976f,2025-10-07 9:00:00,鈴木,39.3,8.61,1,1,0,0,1,2,2,0,0,0,0,1,1,1,0,0,,images/D-101_day06_nasal_discharge.png,2025-10-07 9:00:00,鈴木
d17dd82a-931f-4594-bdbc-08b1c29f6288,42953009-90e8-46bf-9138-8aa32f70976f,2025-10-08 10:45:00,犬山,39.0,8.73,1,1,0,0,0,1,1,0,0,0,0,0,0,0,0,0,,,2025-10-08 10:45:00,犬山
205d2676-2892-4a9f-82c4-5eb59c858190,42953009-90e8-46bf-9138-8aa32f70976f,2025-10-09 9:45:00,犬山,38.7,8.96,0,0,0,0,0,0,0,0,0,0,0,0,0,0,0,0,,,2025-10-09 9:45:00,犬山
cf2a90b3-3576-4ec9-a045-af646e678b56,42953009-90e8-46bf-9138-8aa32f70976f,2025-10-10 9:00:00,田中,38.5,8.81,0,0,0,0,0,0,0,0,0,0,0,0,0,0,0,0,,,2025-10-10 9:00:00,田中
d500c21c-6356-4562-853d-b47759a95ef3,42953009-90e8-46bf-9138-8aa32f70976f,2025-10-11 9:00:00,佐藤,38.5,8.9,0,0,0,0,0,0,0,0,0,0,0,0,0,0,0,0,,,2025-10-11 9:00:00,佐藤
0d597846-94ff-49b1-8103-a0718e34a620,42953009-90e8-46bf-9138-8aa32f70976f,2025-10-12 9:00:00,犬山,38.5,8.96,0,0,0,0,0,0,0,0,0,0,0,0,0,0,0,0,,,2025-10-12 9:00:00,犬山
30ad6656-95e8-4a66-a1fe-c81543607ff8,42953009-90e8-46bf-9138-8aa32f70976f,2025-10-13 9:00:00,鈴木,38.4,8.93,0,0,0,0,0,0,0,0,0,0,0,0,0,0,0,0,,,2025-10-13 9:00:00,鈴木
07c24599-ffa7-43fe-abc1-841f12cd7e39,42953009-90e8-46bf-9138-8aa32f70976f,2025-10-14 10:30:00,犬山,38.5,8.85,0,0,0,0,0,0,0,0,0,0,0,0,0,0,0,0,,,2025-10-14 10:30:00,犬山
697c03dc-7b45-4402-ad62-46b11b405ace,b45ae3cb-809a-4101-9fb6-cc057a2ef5a4,2025-10-01 10:15:00,佐藤,38.5,9.81,0,0,0,0,0,0,0,0,0,0,0,0,0,0,0,0,,,2025-10-01 10:15:00,佐藤
367156b7-eab3-4974-863e-9dc08d24bcd6,b45ae3cb-809a-4101-9fb6-cc057a2ef5a4,2025-10-02 9:30:00,犬山,38.5,9.82,0,0,0,0,0,0,0,0,0,0,0,0,0,0,0,0,,,2025-10-02 9:30:00,犬山
81d1b775-ba10-4092-9ca9-13376464fc5e,b45ae3cb-809a-4101-9fb6-cc057a2ef5a4,2025-10-03 9:30:00,佐藤,38.3,9.81,0,0,0,0,0,0,0,0,0,0,0,0,0,0,0,0,,,2025-10-03 9:30:00,佐藤
4bc6a7e5-2e5e-4914-b886-4b4f9d672f87,b45ae3cb-809a-4101-9fb6-cc057a2ef5a4,2025-10-04 10:00:00,犬山,38.7,9.65,0,0,0,0,0,0,0,0,0,0,0,0,0,0,0,0,,,2025-10-04 10:00:00,犬山
c5901862-c55f-436d-acbc-69bbeeabfcda,b45ae3cb-809a-4101-9fb6-cc057a2ef5a4,2025-10-05 10:15:00,犬山,38.6,9.75,0,0,0,0,0,0,0,0,0,0,0,0,0,0,0,0,,,2025-10-05 10:15:00,犬山
6d13c61d-733e-44c1-8833-c6076ecaffea,b45ae3cb-809a-4101-9fb6-cc057a2ef5a4,2025-10-06 9:15:00,山本,38.6,9.69,0,0,0,0,0,0,0,0,0,0,0,0,0,0,0,0,,,2025-10-06 9:15:00,山本
a2b82ec7-e55b-4d9f-997c-2addc15457b9,b45ae3cb-809a-4101-9fb6-cc057a2ef5a4,2025-10-07 9:00:00,犬山,38.8,9.65,0,0,0,0,1,0,0,0,0,0,0,0,0,0,0,0,,,2025-10-07 9:00:00,犬山
79761612-b23f-4e62-868c-fb6d761fe88d,b45ae3cb-809a-4101-9fb6-cc057a2ef5a4,2025-10-08 9:45:00,鈴木,38.7,9.67,0,0,0,0,0,0,0,0,0,0,0,0,0,0,0,0,,,2025-10-08 9:45:00,鈴木
961c75a1-10db-446a-b248-9c03c563eb2f,b45ae3cb-809a-4101-9fb6-cc057a2ef5a4,2025-10-09 10:15:00,犬山,38.6,9.71,0,0,0,0,0,0,0,0,0,0,0,0,0,0,0,0,,,2025-10-09 10:15:00,犬山
4a34d988-5de9-4ac7-9cfa-d3a1a25ddd96,b45ae3cb-809a-4101-9fb6-cc057a2ef5a4,2025-10-10 9:45:00,佐藤,38.6,9.74,0,0,0,0,0,0,0,0,0,0,0,0,0,0,0,0,,,2025-10-10 9:45:00,佐藤
b8cded91-c335-48a4-ac52-e366b286e57e,b45ae3cb-809a-4101-9fb6-cc057a2ef5a4,2025-10-11 9:15:00,山本,38.2,9.81,0,0,0,0,0,0,0,0,0,0,0,0,0,0,0,0,,,2025-10-11 9:15:00,山本
baf8cb3a-f772-4160-9f53-292b1cd35b32,b45ae3cb-809a-4101-9fb6-cc057a2ef5a4,2025-10-12 9:15:00,犬山,38.4,9.86,0,0,0,0,0,0,0,0,0,0,0,0,0,0,0,0,,,2025-10-12 9:15:00,犬山
c0038fe3-f9a5-474d-bb74-ff8219431624,b45ae3cb-809a-4101-9fb6-cc057a2ef5a4,2025-10-13 9:45:00,山本,38.3,9.87,0,0,0,0,0,0,0,0,0,0,0,0,0,0,0,0,,,2025-10-13 9:45:00,山本
71c81f43-5d1f-4dd0-8b57-ef378012a42e,b45ae3cb-809a-4101-9fb6-cc057a2ef5a4,2025-10-14 9:00:00,鈴木,38.4,9.79,0,0,0,0,0,0,0,0,0,0,0,0,0,0,0,0,,,2025-10-14 9:00:00,鈴木
71adbe07-611e-49b6-86eb-1c4cb74951c8,2e15fbc5-e9f4-42c7-9e88-381bb14738a6,2025-10-01 10:30:00,田中,38.7,8.24,0,0,0,0,0,0,0,0,0,0,0,0,0,0,0,0,,,2025-10-01 10:30:00,田中
74cf529d-059a-465f-b6cd-56e91ff22426,2e15fbc5-e9f4-42c7-9e88-381bb14738a6,2025-10-02 9:45:00,犬山,38.6,8.27,0,0,0,0,0,0,0,0,0,0,0,0,0,0,0,0,,,2025-10-02 9:45:00,犬山
5060f042-81da-4c62-a4c5-47af861a5aae,2e15fbc5-e9f4-42c7-9e88-381bb14738a6,2025-10-03 10:00:00,鈴木,38.7,8.2,0,0,0,0,0,0,0,0,0,0,0,0,0,0,0,0,,,2025-10-03 10:00:00,鈴木
b4758de8-3208-4287-835c-3056c7107840,2e15fbc5-e9f4-42c7-9e88-381bb14738a6,2025-10-04 10:15:00,犬山,38.9,8.12,0,0,0,0,0,0,0,0,0,0,0,0,0,0,0,0,,,2025-10-04 10:15:00,犬山
5f7b4780-6ec4-425b-a5f8-33e6d0dbd213,2e15fbc5-e9f4-42c7-9e88-381bb14738a6,2025-10-05 9:00:00,犬山,38.9,8.14,0,0,0,0,0,0,0,0,0,0,0,0,0,0,0,0,,,2025-10-05 9:00:00,犬山
a740a36b-1916-4854-8f27-a72e49b0ffaa,2e15fbc5-e9f4-42c7-9e88-381bb14738a6,2025-10-06 9:00:00,山本,38.7,8.16,1,0,0,0,0,0,0,0,0,0,0,0,0,0,0,0,,,2025-10-06 9:00:00,山本
fc537c0f-3309-4313-903e-c1e1ef38869c,2e15fbc5-e9f4-42c7-9e88-381bb14738a6,2025-10-07 9:45:00,佐藤,39.0,8.05,0,0,0,0,0,0,0,0,0,0,0,0,0,0,0,0,,,2025-10-07 9:45:00,佐藤
b39d35a4-49e4-4be6-b186-e097de50c722,2e15fbc5-e9f4-42c7-9e88-381bb14738a6,2025-10-08 9:30:00,山本,39.0,8.11,0,0,0,0,0,0,0,0,0,0,0,0,0,0,0,0,,,2025-10-08 9:30:00,山本
0b3bce23-f507-4b64-8ff8-eb2186ac3f87,2e15fbc5-e9f4-42c7-9e88-381bb14738a6,2025-10-09 9:00:00,山本,38.8,8.12,0,0,0,0,0,0,0,0,0,0,0,0,0,0,0,0,,,2025-10-09 9:00:00,山本
4ced8a4d-aad4-4c93-946e-e86dd9f6dded,2e15fbc5-e9f4-42c7-9e88-381bb14738a6,2025-10-10 10:00:00,佐藤,38.6,8.16,0,0,0,0,0,0,0,0,0,0,0,0,0,0,0,0,,,2025-10-10 10:00:00,佐藤
28e73f8a-7624-4332-af16-f07e7cf72302,2e15fbc5-e9f4-42c7-9e88-381bb14738a6,2025-10-11 9:30:00,鈴木,38.6,8.16,0,0,0,0,0,0,0,0,0,0,0,0,0,0,0,0,,,2025-10-11 9:30:00,鈴木
34a11124-6eef-4de4-b154-bd69350c651d,2e15fbc5-e9f4-42c7-9e88-381bb14738a6,2025-10-12 9:30:00,山本,38.6,8.23,0,0,0,0,0,0,0,0,0,0,0,0,0,0,0,0,,,2025-10-12 9:30:00,山本
3b7fade2-a78b-4de9-9a4f-278a349913f8,2e15fbc5-e9f4-42c7-9e88-381bb14738a6,2025-10-13 10:30:00,田中,38.5,8.16,0,0,0,0,0,0,0,0,0,0,0,0,0,0,0,0,,,2025-10-13 10:30:00,田中
57deeb1c-b1b7-4200-93f6-12426701a43a,2e15fbc5-e9f4-42c7-9e88-381bb14738a6,2025-10-14 10:00:00,犬山,38.5,8.17,0,0,0,0,0,0,0,0,0,0,0,0,0,0,0,0,,,2025-10-14 10:00:00,犬山
c7639833-3e39-4530-8eb1-d35380e02939,44f3738e-dbdd-444b-8747-4e32aa6442ba,2025-10-01 10:45:00,犬山,38.3,9.53,0,0,0,0,0,0,0,0,0,0,0,0,0,0,0,0,,,2025-10-01 10:45:00,犬山
70fa2800-59c4-4b21-a492-a6fe5b7d8ce2,44f3738e-dbdd-444b-8747-4e32aa6442ba,2025-10-02 10:45:00,犬山,38.4,9.54,0,0,0,0,0,0,0,0,0,0,0,0,0,0,0,0,,,2025-10-02 10:45:00,犬山
ef59371a-f25f-425d-8100-cdc43140fee4,44f3738e-dbdd-444b-8747-4e32aa6442ba,2025-10-03 9:00:00,犬山,38.6,9.37,0,0,0,0,0,0,0,0,0,0,0,0,0,0,0,0,,,2025-10-03 9:00:00,犬山
3ee3a843-6c90-4cb3-acae-f0d624a54226,44f3738e-dbdd-444b-8747-4e32aa6442ba,2025-10-04 10:45:00,佐藤,38.7,9.31,0,0,0,0,0,0,0,0,0,0,0,0,0,0,0,0,,,2025-10-04 10:45:00,佐藤
3066c4aa-cca7-44a5-99ce-4adf886d6c98,44f3738e-dbdd-444b-8747-4e32aa6442ba,2025-10-05 10:45:00,鈴木,38.6,9.48,0,0,0,0,0,0,0,0,0,0,0,0,0,0,0,0,,,2025-10-05 10:45:00,鈴木
4d54301b-3193-4f6d-aca5-7ebd8db72324,44f3738e-dbdd-444b-8747-4e32aa6442ba,2025-10-06 9:30:00,佐藤,38.7,9.35,0,0,0,0,0,0,0,0,0,0,0,0,0,0,0,0,,,2025-10-06 9:30:00,佐藤
e905a7ed-eedb-4174-b384-8abdccdb2b7e,44f3738e-dbdd-444b-8747-4e32aa6442ba,2025-10-07 10:30:00,田中,38.4,9.45,0,0,0,0,0,0,0,0,0,0,0,0,0,0,0,0,,,2025-10-07 10:30:00,田中
5bb263d1-70bf-48af-b9c5-0a964b0204d5,44f3738e-dbdd-444b-8747-4e32aa6442ba,2025-10-08 10:30:00,鈴木,38.5,9.49,0,0,0,0,0,0,0,0,0,0,0,0,0,0,0,0,,,2025-10-08 10:30:00,鈴木
10bdbd32-2e75-4997-b070-7edc1f3983ed,44f3738e-dbdd-444b-8747-4e32aa6442ba,2025-10-09 9:30:00,田中,38.4,9.47,0,0,0,0,0,0,0,0,0,0,0,0,0,0,0,0,,,2025-10-09 9:30:00,田中
6ac85bb9-795b-406a-86ff-d6d275855726,44f3738e-dbdd-444b-8747-4e32aa6442ba,2025-10-10 9:45:00,佐藤,38.4,9.49,0,0,0,0,0,0,0,0,0,0,0,0,0,0,0,0,,,2025-10-10 9:45:00,佐藤
00bb5bad-9d41-435a-9af7-a6da1eb8417e,44f3738e-dbdd-444b-8747-4e32aa6442ba,2025-10-11 9:15:00,田中,38.4,9.51,0,0,0,0,0,0,0,0,0,0,0,0,0,0,0,0,,,2025-10-11 9:15:00,田中
798ba1e2-4701-4944-b26d-f60ee764b10a,44f3738e-dbdd-444b-8747-4e32aa6442ba,2025-10-12 9:15:00,佐藤,38.2,9.45,0,0,0,0,0,0,0,0,0,0,0,0,0,0,0,0,,,2025-10-12 9:15:00,佐藤
f3f2d2d7-4f80-4fff-ac34-4f3200e8fbe9,44f3738e-dbdd-444b-8747-4e32aa6442ba,2025-10-13 10:15:00,犬山,38.4,9.51,0,0,0,0,0,0,0,0,0,0,0,0,0,0,0,0,,,2025-10-13 10:15:00,犬山
f9c65af9-233c-42c0-ab46-d8e48fe6433a,44f3738e-dbdd-444b-8747-4e32aa6442ba,2025-10-14 9:00:00,田中,38.2,9.54,0,0,0,0,0,0,0,0,0,0,0,0,0,0,0,0,,,2025-10-14 9:00:00,田中
c4bdc433-89e4-44f2-ae50-118f5ca6792b,76005d67-e067-42c2-bdd9-cdb566acbc5e,2025-10-01 9:30:00,犬山,38.2,9.03,0,0,0,0,0,0,0,0,0,0,0,0,0,0,0,0,,,2025-10-01 9:30:00,犬山
1119fe85-f72e-433e-bda2-0fb8ec21c965,76005d67-e067-42c2-bdd9-cdb566acbc5e,2025-10-02 10:00:00,田中,38.2,9.09,0,0,0,0,0,0,0,0,0,0,0,0,0,0,0,0,,,2025-10-02 10:00:00,田中
238f66a8-5e62-4903-a757-52a29d9a3c22,76005d67-e067-42c2-bdd9-cdb566acbc5e,2025-10-03 10:00:00,田中,38.4,8.99,0,0,0,0,0,0,0,0,0,0,0,0,0,0,0,0,,,2025-10-03 10:00:00,田中
b33f5a72-818e-431d-afd4-1dd1c56e8a6d,76005d67-e067-42c2-bdd9-cdb566acbc5e,2025-10-04 10:45:00,山本,38.5,9.0,0,0,0,0,0,0,0,0,0,0,0,0,0,0,0,0,,,2025-10-04 10:45:00,山本
daa49102-5ae6-45df-abb5-aa9d860767c7,76005d67-e067-42c2-bdd9-cdb566acbc5e,2025-10-05 10:15:00,鈴木,38.6,8.89,0,0,0,0,0,0,0,0,0,0,0,0,0,0,0,0,,,2025-10-05 10:15:00,鈴木
c7e6a4b6-eebc-4b19-8c58-afa1ed9d0e3f,76005d67-e067-42c2-bdd9-cdb566acbc5e,2025-10-06 9:30:00,鈴木,38.8,8.81,1,0,0,0,0,0,0,0,1,0,0,0,0,0,0,0,,,2025-10-06 9:30:00,鈴木
a1163a40-ed4e-49ba-806c-7e6ec0fa092b,76005d67-e067-42c2-bdd9-cdb566acbc5e,2025-10-07 10:00:00,田中,38.6,8.84,0,0,0,0,0,0,0,0,0,0,0,0,0,0,0,0,,,2025-10-07 10:00:00,田中
5f59b14b-45a9-4658-a7c5-1b9930193fbb,76005d67-e067-42c2-bdd9-cdb566acbc5e,2025-10-08 10:00:00,犬山,38.7,8.86,1,0,0,0,0,0,0,0,0,0,0,0,0,0,0,0,,,2025-10-08 10:00:00,犬山
351ef40b-cb92-4874-a125-cb2ffb43a621,76005d67-e067-42c2-bdd9-cdb566acbc5e,2025-10-09 9:45:00,犬山,38.5,8.8,0,0,0,0,0,0,0,0,0,0,0,0,0,0,0,0,,,2025-10-09 9:45:00,犬山
d9967d6d-7c61-4ff2-8ccc-84930b35e06f,76005d67-e067-42c2-bdd9-cdb566acbc5e,2025-10-10 9:00:00,佐藤,38.4,8.91,0,0,0,0,0,0,0,0,0,0,0,0,0,0,0,0,,,2025-10-10 9:00:00,佐藤
3dbf78b7-4488-42fb-a5d6-b59e05301adb,76005d67-e067-42c2-bdd9-cdb566acbc5e,2025-10-11 9:00:00,鈴木,38.4,9.06,0,0,0,0,0,0,0,0,0,0,0,0,0,0,0,0,,,2025-10-11 9:00:00,鈴木
a5232fbd-9098-4dad-9c45-a4e71032fbdc,76005d67-e067-42c2-bdd9-cdb566acbc5e,2025-10-12 10:45:00,田中,38.1,8.95,0,0,0,0,0,0,0,0,0,0,0,0,0,0,0,0,,,2025-10-12 10:45:00,田中
79c00757-3565-40a0-836d-a2898eb3e074,76005d67-e067-42c2-bdd9-cdb566acbc5e,2025-10-13 9:45:00,田中,38.2,9.02,0,0,0,0,0,0,0,0,0,0,0,0,0,0,0,0,,,2025-10-13 9:45:00,田中
a8291940-a01c-4a55-ac76-b30df305cb7a,76005d67-e067-42c2-bdd9-cdb566acbc5e,2025-10-14 9:15:00,犬山,38.2,8.99,0,0,0,0,0,0,0,0,0,0,0,0,0,0,0,0,,,2025-10-14 9:15:00,犬山
9fa935dd-3a85-4b3a-aa3c-8d14ffce4201,9649646b-1f94-4631-8639-ba13b902a836,2025-10-01 9:30:00,犬山,38.5,9.89,0,0,0,0,0,0,0,0,0,0,0,0,0,0,0,0,,,2025-10-01 9:30:00,犬山
dd4d3979-c0fd-4a5a-b2f0-b663d0ae37ef,9649646b-1f94-4631-8639-ba13b902a836,2025-10-02 10:45:00,佐藤,38.4,9.95,0,0,0,0,0,0,0,0,0,0,0,0,0,0,0,0,,,2025-10-02 10:45:00,佐藤
ddf8695a-b45e-44a7-9f17-82b547db5bf3,9649646b-1f94-4631-8639-ba13b902a836,2025-10-03 9:00:00,鈴木,38.6,9.88,0,0,0,0,0,0,0,0,0,0,0,0,0,0,0,0,,,2025-10-03 9:00:00,鈴木
78bfbdd5-e814-442c-a3cc-b2103c6eea2d,9649646b-1f94-4631-8639-ba13b902a836,2025-10-04 9:00:00,佐藤,38.7,9.86,0,0,0,0,0,0,0,0,0,0,0,0,0,0,0,0,,,2025-10-04 9:00:00,佐藤
3fbf4892-4d1d-4ace-bfc6-3150518f33ff,9649646b-1f94-4631-8639-ba13b902a836,2025-10-05 9:45:00,鈴木,38.9,9.76,0,0,0,0,0,0,0,0,0,0,0,0,0,0,0,0,,,2025-10-05 9:45:00,鈴木
3d3e771a-de82-4828-b2ca-015f986865fb,9649646b-1f94-4631-8639-ba13b902a836,2025-10-06 10:45:00,山本,38.9,9.77,1,1,0,0,0,0,2,0,0,0,0,0,0,0,0,0,,images/D-106_day05_nasal_discharge.png,2025-10-06 10:45:00,山本
d2c5efc8-9990-45f0-a4a7-de7a76421113,9649646b-1f94-4631-8639-ba13b902a836,2025-10-07 10:30:00,犬山,39.5,9.61,2,1,1,0,1,3,3,1,1,1,1,2,2,0,0,0,,images/D-106_day06_nasal_discharge.png,2025-10-07 10:30:00,犬山
8503c9ca-a042-4879-9ddd-8525469421d3,9649646b-1f94-4631-8639-ba13b902a836,2025-10-08 9:45:00,佐藤,39.7,9.38,2,1,2,1,1,3,3,1,1,2,1,2,2,1,1,0,,images/D-106_day07_nasal_discharge.png,2025-10-08 9:45:00,佐藤
73a50d21-beec-4042-bc67-61ab1f8d7e0d,9649646b-1f94-4631-8639-ba13b902a836,2025-10-09 9:45:00,犬山,39.9,9.57,3,2,1,0,2,4,4,1,1,2,2,2,2,1,1,0,,images/D-106_day08_nasal_discharge.png,2025-10-09 9:45:00,犬山
dd565b80-2aa1-4d18-9bdf-e35e024e1344,9649646b-1f94-4631-8639-ba13b902a836,2025-10-10 10:45:00,佐藤,39.9,9.36,2,2,1,1,2,2,2,0,1,0,0,1,1,2,1,0,,images/D-106_day09_coughing.png,2025-10-10 10:45:00,佐藤
9c665e51-2c9b-4278-b556-b6bffee4fb4c,9649646b-1f94-4631-8639-ba13b902a836,2025-10-11 10:15:00,田中,39.2,9.64,1,1,1,0,2,2,2,1,1,1,0,1,1,0,1,0,,images/D-106_day10_nasal_discharge.png,2025-10-11 10:15:00,田中
c41fd9b6-5974-473f-929e-64d410506af3,9649646b-1f94-4631-8639-ba13b902a836,2025-10-12 9:30:00,山本,39.2,9.64,1,1,0,0,0,1,0,0,0,0,0,0,1,0,0,0,,,2025-10-12 9:30:00,山本
17927191-d6c8-4efb-b644-46483b47706d,9649646b-1f94-4631-8639-ba13b902a836,2025-10-13 10:30:00,鈴木,38.8,9.77,0,0,0,0,0,0,0,0,0,0,0,0,0,0,0,1,,,2025-10-13 10:30:00,鈴木
3fbfb753-69c1-4407-b1ce-663cd6c90879,9649646b-1f94-4631-8639-ba13b902a836,2025-10-14 10:30:00,山本,38.6,9.88,0,0,0,0,0,0,0,0,0,0,0,0,0,0,0,0,,,2025-10-14 10:30:00,山本
349373b9-8b62-4fe6-a8bf-a8528e03233c,fd88a1e4-d9ef-4299-aaff-587d5d3b5eb6,2025-10-01 10:00:00,山本,38.5,9.36,0,0,0,0,0,0,0,0,0,0,0,0,0,0,0,0,,,2025-10-01 10:00:00,山本
11f416de-ed11-45e0-9ee3-96c20b9c8aaa,fd88a1e4-d9ef-4299-aaff-587d5d3b5eb6,2025-10-02 10:00:00,田中,38.3,9.4,0,0,0,0,0,0,0,0,0,0,0,0,0,0,0,0,,,2025-10-02 10:00:00,田中
8aac2b6a-696b-4d16-8fab-4f1085beb0a9,fd88a1e4-d9ef-4299-aaff-587d5d3b5eb6,2025-10-03 9:15:00,鈴木,38.7,9.25,1,0,0,0,0,0,0,0,0,0,0,0,0,0,0,0,,,2025-10-03 9:15:00,鈴木
efeaae97-62e1-48b7-9dd2-4ca33e799484,fd88a1e4-d9ef-4299-aaff-587d5d3b5eb6,2025-10-04 10:00:00,山本,39.1,9.16,1,0,0,0,1,0,0,0,0,0,0,0,0,0,0,0,,,2025-10-04 10:00:00,山本
85de417d-79b1-485f-84a2-4938873c8a52,fd88a1e4-d9ef-4299-aaff-587d5d3b5eb6,2025-10-05 10:45:00,田中,40.0,9.02,1,2,1,0,2,2,2,1,1,0,0,1,2,0,0,0,,images/D-107_day04_nasal_discharge.png,2025-10-05 10:45:00,田中
e2845b88-6043-4d40-861b-c41689b8dc3f,fd88a1e4-d9ef-4299-aaff-587d5d3b5eb6,2025-10-06 10:00:00,田中,40.0,8.56,2,2,3,1,2,3,4,1,1,1,1,3,2,1,1,0,,images/D-107_day05_nasal_discharge.png,2025-10-06 10:00:00,田中
fd530084-4e15-4940-b8aa-4a95c5b430b0,fd88a1e4-d9ef-4299-aaff-587d5d3b5eb6,2025-10-07 9:15:00,犬山,39.7,9.02,2,1,2,1,3,3,3,1,1,2,2,2,2,1,1,0,,images/D-107_day06_nasal_discharge.png,2025-10-07 9:15:00,犬山
930ebdc1-5b1e-440b-91be-e1414b6c4e74,fd88a1e4-d9ef-4299-aaff-587d5d3b5eb6,2025-10-08 9:00:00,犬山,39.8,8.81,2,2,2,0,3,4,4,1,1,1,1,2,2,0,1,0,,images/D-107_day07_nasal_discharge.png,2025-10-08 9:00:00,犬山
d7e82fa9-2026-4b62-a468-cc1db68b4dac,fd88a1e4-d9ef-4299-aaff-587d5d3b5eb6,2025-10-09 9:00:00,山本,39.0,9.01,2,1,1,0,2,2,2,1,1,0,0,2,2,1,1,0,,images/D-107_day08_nasal_discharge.png,2025-10-09 9:00:00,山本
372e515e-e105-489d-8081-c006318f16f3,fd88a1e4-d9ef-4299-aaff-587d5d3b5eb6,2025-10-10 10:15:00,鈴木,39.0,9.24,1,1,0,0,0,0,0,0,0,0,0,0,1,0,0,0,,,2025-10-10 10:15:00,鈴木
a0231a1d-8b24-4c80-bae9-1eeaeae30bf4,fd88a1e4-d9ef-4299-aaff-587d5d3b5eb6,2025-10-11 9:45:00,田中,38.6,9.29,0,0,0,0,0,0,0,0,0,0,0,0,0,0,0,0,,,2025-10-11 9:45:00,田中
ecf9c07f-8d5c-4290-acc8-6aab3d3516ca,fd88a1e4-d9ef-4299-aaff-587d5d3b5eb6,2025-10-12 9:30:00,犬山,38.7,9.37,0,0,0,0,0,0,0,0,0,0,0,0,0,0,0,0,,,2025-10-12 9:30:00,犬山
2c407072-a905-44e8-8e9b-f2091489977c,fd88a1e4-d9ef-4299-aaff-587d5d3b5eb6,2025-10-13 9:15:00,山本,38.4,9.39,0,0,0,0,0,0,0,0,0,0,0,0,0,0,0,0,,,2025-10-13 9:15:00,山本
c3d7c563-1e02-400b-83ef-7e93e5ca0d73,fd88a1e4-d9ef-4299-aaff-587d5d3b5eb6,2025-10-14 10:00:00,山本,38.5,9.46,0,0,0,0,0,0,0,0,0,0,0,0,0,0,0,0,,,2025-10-14 10:00:00,山本
8433c426-61eb-4938-9217-72950bb8f043,21816aad-485d-4d86-9f50-8e353c24706e,2025-10-01 9:45:00,鈴木,38.8,10.15,0,0,0,0,0,0,0,0,0,0,0,0,0,0,0,0,,,2025-10-01 9:45:00,鈴木
c3105e1f-5ebe-42cb-859f-422f3adc46d8,21816aad-485d-4d86-9f50-8e353c24706e,2025-10-02 9:00:00,山本,38.7,10.06,0,0,0,0,0,0,0,0,0,0,0,0,0,0,0,0,,,2025-10-02 9:00:00,山本
28257c78-fd73-4055-8c36-aa295aaa933e,21816aad-485d-4d86-9f50-8e353c24706e,2025-10-03 9:30:00,山本,38.9,10.11,0,0,0,0,0,0,0,0,0,0,0,0,0,0,0,0,,,2025-10-03 9:30:00,山本
9c656942-c12b-4a27-bac6-b3ae66ae2ac6,21816aad-485d-4d86-9f50-8e353c24706e,2025-10-04 9:00:00,田中,39.0,10.09,0,0,0,0,0,0,0,0,0,0,0,0,0,0,0,0,,,2025-10-04 9:00:00,田中
4176e14e-b9ff-4e05-b26a-4f9c6f01c75b,21816aad-485d-4d86-9f50-8e353c24706e,2025-10-05 10:15:00,佐藤,39.4,9.93,0,0,0,0,0,0,0,0,0,0,0,0,0,0,0,0,,,2025-10-05 10:15:00,佐藤
dd620abe-40c5-498d-aac8-4e87fb67a951,21816aad-485d-4d86-9f50-8e353c24706e,2025-10-06 10:15:00,鈴木,39.4,9.85,1,1,1,0,1,0,0,0,0,0,1,0,0,0,0,0,,images/D-108_day05_dehydration.png,2025-10-06 10:15:00,鈴木
15c7a03c-6117-45a9-94e6-14f9ae98519a,21816aad-485d-4d86-9f50-8e353c24706e,2025-10-07 9:30:00,山本,39.7,9.78,2,1,1,1,1,2,2,1,1,0,0,1,1,0,0,0,,images/D-108_day06_nasal_discharge.png,2025-10-07 9:30:00,山本
87cf548f-66ef-4f1a-b0ed-5e25c2298865,21816aad-485d-4d86-9f50-8e353c24706e,2025-10-08 9:30:00,佐藤,39.7,9.42,2,2,2,1,2,2,2,1,1,1,1,2,2,1,1,0,,images/D-108_day07_dehydration.png,2025-10-08 9:30:00,佐藤
4e613669-8d22-4ff0-8711-a19fb456d354,21816aad-485d-4d86-9f50-8e353c24706e,2025-10-09 10:45:00,鈴木,39.9,9.46,2,3,3,0,2,3,3,1,1,1,1,1,2,1,1,0,,images/D-108_day08_dehydration.png,2025-10-09 10:45:00,鈴木
217c879f-5694-46d0-b81d-c763e2bc2bc9,21816aad-485d-4d86-9f50-8e353c24706e,2025-10-10 10:15:00,鈴木,40.0,9.67,1,2,1,1,1,3,3,1,1,1,2,2,2,1,1,0,,images/D-108_day09_nasal_discharge.png,2025-10-10 10:15:00,鈴木
79f7548c-7d41-4614-aeed-a42a29beaa21,21816aad-485d-4d86-9f50-8e353c24706e,2025-10-11 10:30:00,山本,39.4,9.67,1,1,1,0,1,2,2,1,1,0,1,1,1,0,0,0,,images/D-108_day10_nasal_discharge.png,2025-10-11 10:30:00,山本
ca3f6889-5950-4337-8cea-1ed60be269ae,21816aad-485d-4d86-9f50-8e353c24706e,2025-10-12 10:15:00,犬山,39.3,9.9,1,0,0,0,0,1,1,0,0,0,0,0,0,0,0,1,,images/D-108_day11_respiratory_abnormal.png,2025-10-12 10:15:00,犬山
c14abd60-0d89-40cc-a8be-268aa40504ed,21816aad-485d-4d86-9f50-8e353c24706e,2025-10-13 10:15:00,犬山,39.1,10.09,0,0,0,0,0,0,0,0,0,0,0,0,0,0,0,0,,,2025-10-13 10:15:00,犬山
ee1cece0-8094-43eb-b2b8-718445211307,21816aad-485d-4d86-9f50-8e353c24706e,2025-10-14 10:30:00,佐藤,38.8,10.0,0,0,0,0,0,0,0,0,0,0,0,0,0,0,0,0,,,2025-10-14 10:30:00,佐藤
5e48c9d3-b6e0-4b11-8300-63240d3d075b,12fb816c-5116-4cfc-b26c-9cf093ab3eb5,2025-10-01 9:00:00,佐藤,38.6,10.41,0,0,0,0,0,0,0,0,0,0,0,0,0,0,0,0,,,2025-10-01 9:00:00,佐藤
ec5449bb-ab08-4333-b6a6-fc492e7d89eb,12fb816c-5116-4cfc-b26c-9cf093ab3eb5,2025-10-02 10:45:00,田中,38.8,10.41,0,0,0,0,0,0,0,0,0,0,0,0,0,0,0,0,,,2025-10-02 10:45:00,田中
b562a04e-9579-4b61-ac31-02f2d719037d,12fb816c-5116-4cfc-b26c-9cf093ab3eb5,2025-10-03 9:15:00,犬山,39.6,10.1,1,1,1,1,1,0,2,0,0,0,0,0,0,0,0,0,,images/D-109_day02_nasal_discharge.png,2025-10-03 9:15:00,犬山
5ee51dd9-4954-42cb-9936-212f1e6d6a5a,12fb816c-5116-4cfc-b26c-9cf093ab3eb5,2025-10-04 9:45:00,鈴木,40.1,9.71,2,1,1,0,2,2,2,1,2,1,1,2,1,0,0,0,,images/D-109_day03_nasal_discharge.png,2025-10-04 9:45:00,鈴木
ab4d3f43-e29d-4448-aacb-12f38792b9ca,12fb816c-5116-4cfc-b26c-9cf093ab3eb5,2025-10-05 10:00:00,山本,40.4,9.8,2,3,2,1,4,5,2,1,1,1,1,3,3,1,1,0,,images/D-109_day04_nasal_discharge.png,2025-10-05 10:00:00,山本
3f2c5e0e-b77f-4ad4-ba3e-c80af5fbf5e7,12fb816c-5116-4cfc-b26c-9cf093ab3eb5,2025-10-06 10:30:00,鈴木,40.6,10.03,3,2,2,1,3,3,3,2,2,1,1,2,1,1,2,0,,images/D-109_day05_nasal_discharge.png,2025-10-06 10:30:00,鈴木
a2116e9f-f95e-4eee-9479-7152662f7026,12fb816c-5116-4cfc-b26c-9cf093ab3eb5,2025-10-07 10:15:00,佐藤,40.2,9.73,2,2,2,1,4,2,2,1,1,2,2,2,2,1,1,0,,images/D-109_day06_dehydration.png,2025-10-07 10:15:00,佐藤
a199b8c8-956e-4b2e-a7a0-08da808cd6cb,12fb816c-5116-4cfc-b26c-9cf093ab3eb5,2025-10-08 9:45:00,犬山,39.4,10.04,2,2,1,0,3,3,2,1,1,1,1,2,2,1,1,1,,images/D-109_day07_nasal_discharge.png,2025-10-08 9:45:00,犬山
3574eb24-72a0-4ab0-85fa-53bcfd93d245,12fb816c-5116-4cfc-b26c-9cf093ab3eb5,2025-10-09 9:45:00,田中,39.7,10.01,1,1,0,0,1,2,2,0,0,1,1,1,1,1,0,0,,images/D-109_day08_nasal_discharge.png,2025-10-09 9:45:00,田中
54a1f35e-b161-481f-adfa-7ce746a82663,12fb816c-5116-4cfc-b26c-9cf093ab3eb5,2025-10-10 9:15:00,田中,39.1,10.16,1,0,1,0,0,1,0,0,0,0,0,0,0,0,0,0,,images/D-109_day09_dehydration.png,2025-10-10 9:15:00,田中
91cf8443-d652-4f15-a7ef-dc5e9565005c,12fb816c-5116-4cfc-b26c-9cf093ab3eb5,2025-10-11 9:00:00,犬山,38.8,10.21,0,0,0,0,0,0,0,0,0,0,0,0,0,0,0,0,,,2025-10-11 9:00:00,犬山
9e0260e6-f80a-4bc4-ae9e-ed796eee62f1,12fb816c-5116-4cfc-b26c-9cf093ab3eb5,2025-10-12 10:45:00,犬山,38.5,10.25,0,0,0,0,0,0,0,0,0,0,0,0,0,0,0,0,,,2025-10-12 10:45:00,犬山
6b1c58ba-865f-4070-adee-ca5198349f44,12fb816c-5116-4cfc-b26c-9cf093ab3eb5,2025-10-13 10:30:00,鈴木,38.6,10.32,0,0,0,0,0,0,0,0,0,0,0,0,0,0,0,0,,,2025-10-13 10:30:00,鈴木
6ef3dc14-8dee-4b7f-9b32-f5a9f20c1b54,12fb816c-5116-4cfc-b26c-9cf093ab3eb5,2025-10-14 10:30:00,佐藤,38.5,10.38,0,0,0,0,0,0,0,0,0,0,0,0,0,0,0,0,,,2025-10-14 10:30:00,佐藤
05f1357e-d2a0-4728-8e11-c5d9612b5673,1edea9f4-08d1-4d2b-907d-17c68c60a906,2025-10-01 9:00:00,犬山,38.2,11.18,0,0,0,0,0,0,0,0,0,0,0,0,0,0,0,0,,,2025-10-01 9:00:00,犬山
f7bb7deb-9acd-4c5e-84e6-966760d70a68,1edea9f4-08d1-4d2b-907d-17c68c60a906,2025-10-02 10:30:00,田中,38.3,11.18,0,0,0,0,0,0,0,0,0,0,0,0,0,0,0,0,,,2025-10-02 10:30:00,田中
44a4be16-2c66-4aaf-b8cd-936921e4a727,1edea9f4-08d1-4d2b-907d-17c68c60a906,2025-10-03 9:00:00,山本,38.4,11.03,0,0,0,0,0,0,0,0,0,0,0,0,0,0,0,0,,,2025-10-03 9:00:00,山本
81c5e774-6c16-49ad-8ca1-9f6c888f9bde,1edea9f4-08d1-4d2b-907d-17c68c60a906,2025-10-04 9:15:00,佐藤,38.6,10.83,1,0,0,0,0,0,0,0,0,0,0,0,0,0,0,0,,,2025-10-04 9:15:00,佐藤
cae5fb7e-ccd2-4e51-b82d-944228cd4d57,1edea9f4-08d1-4d2b-907d-17c68c60a906,2025-10-05 9:45:00,犬山,39.3,10.83,1,1,0,0,1,2,0,0,1,0,0,0,0,0,0,0,,images/D-110_day04_nasal_discharge.png,2025-10-05 9:45:00,犬山
2615ce39-ec4c-4a22-b3f8-b3b323a1b3aa,1edea9f4-08d1-4d2b-907d-17c68c60a906,2025-10-06 10:30:00,山本,39.6,10.51,1,2,2,1,3,4,4,1,1,1,1,1,1,0,1,0,,images/D-110_day05_nasal_discharge.png,2025-10-06 10:30:00,山本
df134395-9e9e-4d74-8fd7-62b227cf76b3,1edea9f4-08d1-4d2b-907d-17c68c60a906,2025-10-07 9:45:00,犬山,39.7,10.22,3,1,2,1,3,3,3,1,1,1,1,2,2,2,2,0,,images/D-110_day06_nasal_discharge.png,2025-10-07 9:45:00,犬山
6eb4d529-a5ae-4e22-b9f3-caf0976daf78,1edea9f4-08d1-4d2b-907d-17c68c60a906,2025-10-08 9:15:00,山本,40.3,10.66,3,1,2,0,4,3,4,1,1,1,1,2,2,2,2,0,,images/D-110_day07_nasal_discharge.png,2025-10-08 9:15:00,山本
0d27b753-d355-42c0-a22c-892cc75f0c3f,1edea9f4-08d1-4d2b-907d-17c68c60a906,2025-10-09 9:30:00,山本,39.4,10.5,2,1,3,1,3,4,4,1,1,2,2,2,2,2,1,0,,images/D-110_day08_nasal_discharge.png,2025-10-09 9:30:00,山本
eacac785-563b-41a4-a940-08285244db6d,1edea9f4-08d1-4d2b-907d-17c68c60a906,2025-10-10 9:00:00,田中,39.4,10.5,1,2,2,0,1,3,3,1,1,1,1,1,1,1,1,0,,images/D-110_day09_nasal_discharge.png,2025-10-10 9:00:00,田中
6cffea6f-87ea-4172-9250-ade0e11f30e1,1edea9f4-08d1-4d2b-907d-17c68c60a906,2025-10-11 10:00:00,犬山,39.2,10.93,1,0,1,0,1,2,2,0,0,0,0,1,1,0,0,0,,images/D-110_day10_nasal_discharge.png,2025-10-11 10:00:00,犬山
25ded826-01c2-4b32-a48d-7e1aac91aa34,1edea9f4-08d1-4d2b-907d-17c68c60a906,2025-10-12 10:15:00,犬山,38.7,10.99,0,0,0,0,0,0,0,0,0,0,0,1,1,0,0,1,,,2025-10-12 10:15:00,犬山
28794309-f3e3-45f8-8051-9844a0b496e7,1edea9f4-08d1-4d2b-907d-17c68c60a906,2025-10-13 9:00:00,犬山,38.4,11.05,0,0,0,0,0,0,0,0,0,0,0,0,0,0,0,0,,,2025-10-13 9:00:00,犬山
55e79df7-1406-44b9-8b65-5836d8f7216a,1edea9f4-08d1-4d2b-907d-17c68c60a906,2025-10-14 10:15:00,犬山,38.1,11.11,0,0,0,0,0,0,0,0,0,0,0,0,0,0,0,0,,,2025-10-14 10:15:00,犬山
4b0ff122-374f-4e37-b844-65ab5a9b061c,0edbbf25-2e1e-4d64-a654-cc8b3c28d263,2025-11-01 10:45:00,佐藤,38.7,4.41,0,0,0,0,0,0,0,0,0,0,0,0,0,0,0,0,,,2025-11-01 10:45:00,佐藤
e165ef83-665f-4713-b71f-c0d7eac71c0c,0edbbf25-2e1e-4d64-a654-cc8b3c28d263,2025-11-02 10:45:00,鈴木,38.9,4.5,0,0,0,0,0,0,0,0,0,0,0,0,0,0,0,0,,,2025-11-02 10:45:00,鈴木
064f8b69-37df-4904-9edf-6a999cd6cbfe,0edbbf25-2e1e-4d64-a654-cc8b3c28d263,2025-11-03 9:00:00,犬山,39.3,4.36,0,0,0,0,0,0,0,0,0,0,0,0,0,0,0,0,,,2025-11-03 9:00:00,犬山
d4091792-4e05-4024-b08b-20b4fd60361e,0edbbf25-2e1e-4d64-a654-cc8b3c28d263,2025-11-04 10:30:00,佐藤,39.3,4.33,1,0,0,0,0,0,0,0,0,0,0,0,0,0,0,0,,,2025-11-04 10:30:00,佐藤
2c438c04-1071-4f23-8c37-6f26eb3fdbff,0edbbf25-2e1e-4d64-a654-cc8b3c28d263,2025-11-05 10:15:00,犬山,39.3,4.33,1,1,1,0,0,2,2,0,1,0,0,0,0,0,0,0,,images/C-001_day04_nasal_discharge.png,2025-11-05 10:15:00,犬山
f0477d45-d404-4f8a-9dea-08cb0753d882,0edbbf25-2e1e-4d64-a654-cc8b3c28d263,2025-11-06 9:30:00,犬山,39.5,4.29,1,1,0,0,1,1,1,1,1,0,0,1,0,0,0,0,,,2025-11-06 9:30:00,犬山
c13c6e10-3d61-4e9e-94e2-5c263a15153b,0edbbf25-2e1e-4d64-a654-cc8b3c28d263,2025-11-07 9:15:00,山本,39.5,4.36,1,0,1,0,1,0,0,0,0,0,0,0,0,0,0,0,,images/C-001_day06_dehydration.png,2025-11-07 9:15:00,山本
36d228f8-ea19-4886-8ea7-31337f1ed5e7,0edbbf25-2e1e-4d64-a654-cc8b3c28d263,2025-11-08 10:45:00,田中,39.3,4.4,1,0,0,0,0,0,0,0,0,0,0,0,0,0,0,0,,,2025-11-08 10:45:00,田中
b524e8a1-f91d-47b7-9e0e-6da54fa8692a,0edbbf25-2e1e-4d64-a654-cc8b3c28d263,2025-11-09 10:00:00,犬山,39.1,4.45,0,0,0,0,0,0,0,0,0,0,0,0,0,0,0,0,,,2025-11-09 10:00:00,犬山
246da82a-dbd7-4d4a-83b7-06c9434b512d,0edbbf25-2e1e-4d64-a654-cc8b3c28d263,2025-11-10 10:00:00,鈴木,39.0,4.4,0,0,0,0,0,0,0,0,0,0,0,0,0,0,0,0,,,2025-11-10 10:00:00,鈴木
7f527d22-fea3-4c62-b614-ed5c580eddb1,0edbbf25-2e1e-4d64-a654-cc8b3c28d263,2025-11-11 9:30:00,田中,38.9,4.5,0,0,0,0,0,0,0,0,0,0,0,0,0,0,0,0,,,2025-11-11 9:30:00,田中
d2861cf8-f4ff-45b1-9d5a-de3fc960db50,0edbbf25-2e1e-4d64-a654-cc8b3c28d263,2025-11-12 9:15:00,犬山,38.8,4.35,0,0,0,0,0,0,0,0,0,0,0,0,0,0,0,0,,,2025-11-12 9:15:00,犬山
68f8426f-f8d5-4c8c-97de-80dea07b5b3e,0edbbf25-2e1e-4d64-a654-cc8b3c28d263,2025-11-13 9:15:00,犬山,38.8,4.48,0,0,0,0,0,0,0,0,0,0,0,0,0,0,0,0,,,2025-11-13 9:15:00,犬山
ff68ff87-a72c-4abc-a5f2-7a84e3e4570d,0edbbf25-2e1e-4d64-a654-cc8b3c28d263,2025-11-14 10:00:00,犬山,38.9,4.45,0,0,0,0,0,0,0,0,0,0,0,0,0,0,0,0,,,2025-11-14 10:00:00,犬山
36aad507-6200-4e92-8d9f-16285135864a,4253869f-26f4-4e30-a20b-9cf067630007,2025-11-01 10:00:00,佐藤,38.5,4.04,0,0,0,0,0,0,0,0,0,0,0,0,0,0,0,0,,,2025-11-01 10:00:00,佐藤
89dbbca4-054e-47a8-96fd-a814eb32249d,4253869f-26f4-4e30-a20b-9cf067630007,2025-11-02 10:15:00,田中,38.3,4.02,0,0,0,0,0,0,0,0,0,0,0,0,0,0,0,0,,,2025-11-02 10:15:00,田中
80b07242-04f1-4b1a-9fb6-be5210ac8574,4253869f-26f4-4e30-a20b-9cf067630007,2025-11-03 9:45:00,佐藤,38.8,3.93,0,0,0,0,0,0,0,0,0,0,0,0,0,0,0,0,,,2025-11-03 9:45:00,佐藤
7155ed1e-b674-485e-9eaa-09ab1a7006f9,4253869f-26f4-4e30-a20b-9cf067630007,2025-11-04 9:00:00,鈴木,38.8,3.83,1,0,0,0,0,0,0,0,0,0,0,0,0,0,0,0,,,2025-11-04 9:00:00,鈴木
ff56083c-ab1a-4661-a090-1b7dfe7ac744,4253869f-26f4-4e30-a20b-9cf067630007,2025-11-05 9:00:00,犬山,38.8,3.91,1,0,1,0,0,0,1,0,0,0,0,0,0,0,0,0,,images/C-002_day04_dehydration.png,2025-11-05 9:00:00,犬山
b5f020c3-b264-4337-85c8-a4cd51f47f9b,4253869f-26f4-4e30-a20b-9cf067630007,2025-11-06 10:45:00,佐藤,39.0,3.84,1,0,0,0,1,1,1,0,0,0,0,0,0,0,0,0,,,2025-11-06 10:45:00,佐藤
d1347b7c-d002-4d67-9f0d-1d90a1e926e5,4253869f-26f4-4e30-a20b-9cf067630007,2025-11-07 9:30:00,田中,38.7,3.91,0,0,0,0,0,0,0,0,0,0,0,0,0,0,0,0,,,2025-11-07 9:30:00,田中
d1e76cbc-40cb-4d90-b82a-2ab7bd1d38a6,4253869f-26f4-4e30-a20b-9cf067630007,2025-11-08 10:45:00,犬山,38.5,3.82,0,0,0,0,0,0,0,0,0,0,0,0,0,0,0,0,,,2025-11-08 10:45:00,犬山
8c4c54da-e962-4136-b803-18fb6399a4f3,4253869f-26f4-4e30-a20b-9cf067630007,2025-11-09 10:15:00,田中,38.6,3.91,0,0,0,0,0,0,0,0,0,0,0,0,0,0,0,0,,,2025-11-09 10:15:00,田中
8b2a47f1-7e82-41ed-af6a-f414d40281db,4253869f-26f4-4e30-a20b-9cf067630007,2025-11-10 9:15:00,鈴木,38.5,4.01,0,0,0,0,0,0,0,0,0,0,0,0,0,0,0,0,,,2025-11-10 9:15:00,鈴木
97a3bac3-fef4-4fe8-8802-5af84624eea9,4253869f-26f4-4e30-a20b-9cf067630007,2025-11-11 9:15:00,犬山,38.3,3.97,0,0,0,0,0,0,0,0,0,0,0,0,0,0,0,0,,,2025-11-11 9:15:00,犬山
f4141c59-4404-4e72-9a9b-b01ebac7a6c4,4253869f-26f4-4e30-a20b-9cf067630007,2025-11-12 10:30:00,山本,38.4,3.86,0,0,0,0,0,0,0,0,0,0,0,0,0,0,0,0,,,2025-11-12 10:30:00,山本
c8d94fc9-eef0-4e51-8482-fe0891086fa5,4253869f-26f4-4e30-a20b-9cf067630007,2025-11-13 9:45:00,佐藤,38.6,3.93,0,0,0,0,0,0,0,0,0,0,0,0,0,0,0,0,,,2025-11-13 9:45:00,佐藤
64bdb258-99de-4b2b-8b54-40eae1f78421,4253869f-26f4-4e30-a20b-9cf067630007,2025-11-14 9:30:00,佐藤,38.5,3.95,0,0,0,0,0,0,0,0,0,0,0,0,0,0,0,0,,,2025-11-14 9:30:00,佐藤
47feb09a-1ad7-4865-a1fe-03d620a57bbd,c4c82835-d580-4a51-9e0b-13d289d8ecee,2025-11-01 9:00:00,鈴木,38.9,3.38,0,0,0,0,0,0,0,0,0,0,0,0,0,0,0,0,,,2025-11-01 9:00:00,鈴木
827bc832-a146-468a-8074-62195eaec2b4,c4c82835-d580-4a51-9e0b-13d289d8ecee,2025-11-02 10:15:00,犬山,38.9,3.44,0,0,0,0,0,0,0,0,0,0,0,0,0,0,0,0,,,2025-11-02 10:15:00,犬山
eaddb521-bf05-4595-9832-80e5b9281150,c4c82835-d580-4a51-9e0b-13d289d8ecee,2025-11-03 10:45:00,鈴木,38.8,3.32,0,0,0,0,0,0,0,0,0,0,0,0,0,0,0,0,,,2025-11-03 10:45:00,鈴木
ef17ccf3-f477-41f8-a82c-3ec50b2efd1c,c4c82835-d580-4a51-9e0b-13d289d8ecee,2025-11-04 10:45:00,鈴木,39.1,3.37,0,0,0,0,0,0,0,0,0,0,0,0,0,0,0,0,,,2025-11-04 10:45:00,鈴木
3fcb1481-cd1d-4c6c-852d-80d34184c7ab,c4c82835-d580-4a51-9e0b-13d289d8ecee,2025-11-05 10:15:00,犬山,39.4,3.32,1,1,0,0,1,0,0,0,0,0,0,0,0,0,0,0,,,2025-11-05 10:15:00,犬山
b1730d06-a3a3-46d7-8c24-2bdb0b39b730,c4c82835-d580-4a51-9e0b-13d289d8ecee,2025-11-06 9:30:00,佐藤,39.5,3.17,1,1,0,0,2,0,0,1,1,0,0,1,1,0,0,0,,,2025-11-06 9:30:00,佐藤
e67f9977-c421-48c8-979b-2000af9424d1,c4c82835-d580-4a51-9e0b-13d289d8ecee,2025-11-07 9:15:00,山本,39.6,3.3,1,1,1,0,0,2,2,1,1,1,1,1,1,1,1,0,,images/C-003_day06_nasal_discharge.png,2025-11-07 9:15:00,山本
3e3c11ca-5e73-42b2-8c0c-9108c8ead469,c4c82835-d580-4a51-9e0b-13d289d8ecee,2025-11-08 10:15:00,佐藤,39.5,3.28,1,0,0,0,2,1,2,1,1,1,0,0,1,0,1,0,,images/C-003_day07_nasal_discharge.png,2025-11-08 10:15:00,佐藤
42613e7c-1e97-43da-b64e-9ec0bb4466fa,c4c82835-d580-4a51-9e0b-13d289d8ecee,2025-11-09 10:15:00,山本,39.2,3.26,1,0,1,0,0,0,0,1,0,0,0,0,0,0,0,0,,images/C-003_day08_dehydration.png,2025-11-09 10:15:00,山本
b57288fb-364f-4c14-a59f-9833d4c6b28c,c4c82835-d580-4a51-9e0b-13d289d8ecee,2025-11-10 10:15:00,犬山,39.1,3.34,0,0,0,0,0,0,0,0,0,0,0,0,0,0,0,0,,,2025-11-10 10:15:00,犬山
015c3b60-de80-4d9d-aeb6-e4e2ac5b0ece,c4c82835-d580-4a51-9e0b-13d289d8ecee,2025-11-11 9:45:00,鈴木,39.0,3.32,0,0,0,0,0,0,0,0,0,0,0,0,0,0,0,0,,,2025-11-11 9:45:00,鈴木
e9b6bdcf-83d8-4328-9e35-39210063b9f0,c4c82835-d580-4a51-9e0b-13d289d8ecee,2025-11-12 9:15:00,鈴木,38.8,3.32,0,0,0,0,0,0,0,0,0,0,0,0,0,0,0,0,,,2025-11-12 9:15:00,鈴木
7313b04a-67c2-4a29-884d-51504596c19a,c4c82835-d580-4a51-9e0b-13d289d8ecee,2025-11-13 10:15:00,佐藤,38.8,3.37,0,0,0,0,0,0,0,0,0,0,0,0,0,0,0,0,,,2025-11-13 10:15:00,佐藤
608d9fea-9442-403e-ab51-fc7c4f0807e7,c4c82835-d580-4a51-9e0b-13d289d8ecee,2025-11-14 10:15:00,佐藤,38.6,3.4,0,0,0,0,0,0,0,0,0,0,0,0,0,0,0,0,,,2025-11-14 10:15:00,佐藤
12b71a4f-7f32-4501-af6e-ad258994b3ae,8a65cd37-c8e9-49c2-bb98-45b03a66ace2,2025-11-01 10:00:00,佐藤,38.3,3.58,0,0,0,0,0,0,0,0,0,0,0,0,0,0,0,0,,,2025-11-01 10:00:00,佐藤
68fc6fe9-ff79-40bc-9a89-a3b99560933b,8a65cd37-c8e9-49c2-bb98-45b03a66ace2,2025-11-02 10:00:00,犬山,38.6,3.59,0,0,0,0,0,0,0,0,0,0,0,0,0,0,0,0,,,2025-11-02 10:00:00,犬山
6fea623d-4a34-4c6e-b717-e84b58d65a54,8a65cd37-c8e9-49c2-bb98-45b03a66ace2,2025-11-03 9:00:00,山本,38.8,3.63,0,0,0,0,0,0,0,0,0,0,0,0,0,0,0,0,,,2025-11-03 9:00:00,山本
b9be5c47-0fcd-484e-bea4-8821088367fa,8a65cd37-c8e9-49c2-bb98-45b03a66ace2,2025-11-04 10:00:00,鈴木,38.9,3.61,1,0,0,0,0,0,0,0,0,0,0,0,0,0,0,0,,,2025-11-04 10:00:00,鈴木
23d1e3cf-7590-44a7-88af-8c54270d9347,8a65cd37-c8e9-49c2-bb98-45b03a66ace2,2025-11-05 9:15:00,佐藤,38.8,3.61,0,0,0,0,0,0,0,0,0,0,0,0,0,0,0,0,,,2025-11-05 9:15:00,佐藤
ce7f1d51-d939-4ca9-8247-8e8182b763cb,8a65cd37-c8e9-49c2-bb98-45b03a66ace2,2025-11-06 10:45:00,山本,38.8,3.62,0,0,0,0,0,0,0,0,0,0,0,0,0,0,0,0,,,2025-11-06 10:45:00,山本
35a9c8a0-f5f5-4da4-9ff0-83d60c03912a,8a65cd37-c8e9-49c2-bb98-45b03a66ace2,2025-11-07 10:00:00,鈴木,38.6,3.58,0,0,0,0,0,0,0,0,0,0,0,0,0,0,0,0,,,2025-11-07 10:00:00,鈴木
726713b8-f5cf-415b-8f53-28b081ce9a17,8a65cd37-c8e9-49c2-bb98-45b03a66ace2,2025-11-08 9:00:00,田中,38.7,3.59,0,0,0,0,0,0,0,0,0,0,0,0,0,0,0,0,,,2025-11-08 9:00:00,田中
1be862bb-c706-4b8e-ab42-3fa07e6827f8,8a65cd37-c8e9-49c2-bb98-45b03a66ace2,2025-11-09 10:15:00,佐藤,38.6,3.6,0,0,0,0,0,0,0,0,0,0,0,0,0,0,0,0,,,2025-11-09 10:15:00,佐藤
1b911ef1-cee1-428c-969e-42187bc064da,8a65cd37-c8e9-49c2-bb98-45b03a66ace2,2025-11-10 9:15:00,鈴木,38.5,3.59,0,0,0,0,0,0,0,0,0,0,0,0,0,0,0,0,,,2025-11-10 9:15:00,鈴木
afb4ff86-1594-49e2-b699-f6c8b9e61409,8a65cd37-c8e9-49c2-bb98-45b03a66ace2,2025-11-11 10:15:00,鈴木,38.5,3.57,0,0,0,0,0,0,0,0,0,0,0,0,0,0,0,0,,,2025-11-11 10:15:00,鈴木
9c7083d8-8d99-40b0-b2d5-3c147f1928a9,8a65cd37-c8e9-49c2-bb98-45b03a66ace2,2025-11-12 10:30:00,犬山,38.6,3.59,0,0,0,0,0,0,0,0,0,0,0,0,0,0,0,0,,,2025-11-12 10:30:00,犬山
aab08d22-7050-4b28-b170-eed2d0321f3d,8a65cd37-c8e9-49c2-bb98-45b03a66ace2,2025-11-13 9:45:00,田中,38.4,3.64,0,0,0,0,0,0,0,0,0,0,0,0,0,0,0,0,,,2025-11-13 9:45:00,田中
d3676fab-180a-401c-96ab-d4e87cc69127,8a65cd37-c8e9-49c2-bb98-45b03a66ace2,2025-11-14 10:00:00,佐藤,38.4,3.54,0,0,0,0,0,0,0,0,0,0,0,0,0,0,0,0,,,2025-11-14 10:00:00,佐藤
5bcc2a9c-9e53-4c4c-b7fe-419b87f90a84,06bf0586-e6c9-4f11-897e-31694a82c9bb,2025-11-01 10:30:00,犬山,38.7,4.49,0,0,0,0,0,0,0,0,0,0,0,0,0,0,0,0,,,2025-11-01 10:30:00,犬山
daf93e13-a1a2-4d52-81c6-b24cf5639df1,06bf0586-e6c9-4f11-897e-31694a82c9bb,2025-11-02 10:15:00,山本,38.5,4.48,0,0,0,0,0,0,0,0,0,0,0,0,0,0,0,0,,,2025-11-02 10:15:00,山本
b9ff733b-84de-4995-b1e4-babd4dd83467,06bf0586-e6c9-4f11-897e-31694a82c9bb,2025-11-03 9:45:00,犬山,38.6,4.54,0,0,0,0,0,0,0,0,0,0,0,0,0,0,0,0,,,2025-11-03 9:45:00,犬山
ede3331e-ef66-4203-aaed-6b5d92d4b081,06bf0586-e6c9-4f11-897e-31694a82c9bb,2025-11-04 9:15:00,田中,38.8,4.56,0,0,0,0,0,0,0,0,0,0,0,0,0,0,0,0,,,2025-11-04 9:15:00,田中
9c3dda0d-cae3-4765-a0bc-8624ac8da752,06bf0586-e6c9-4f11-897e-31694a82c9bb,2025-11-05 10:00:00,山本,39.0,4.48,0,0,0,0,1,0,0,0,0,0,0,0,0,0,0,0,,,2025-11-05 10:00:00,山本
f81338f2-e4ef-4aeb-819a-00b4b1f459d7,06bf0586-e6c9-4f11-897e-31694a82c9bb,2025-11-06 10:45:00,犬山,39.3,4.42,1,0,0,1,0,2,2,0,0,0,0,0,0,0,0,0,,images/C-005_day05_nasal_discharge.png,2025-11-06 10:45:00,犬山
3ef5f644-ca60-4874-bb7d-daf605d7ebda,06bf0586-e6c9-4f11-897e-31694a82c9bb,2025-11-07 9:00:00,山本,39.2,4.26,2,1,2,0,3,2,3,1,1,0,0,2,1,0,1,0,,images/C-005_day06_nasal_discharge.png,2025-11-07 9:00:00,山本
f0e43fe2-fa12-49eb-88fc-ba4f801691c5,06bf0586-e6c9-4f11-897e-31694a82c9bb,2025-11-08 9:30:00,田中,39.9,4.12,1,3,2,0,3,3,3,2,2,1,1,3,3,1,1,0,,images/C-005_day07_nasal_discharge.png,2025-11-08 9:30:00,田中
7db4c761-bbb8-4e6a-8be1-b2b0645d18f8,06bf0586-e6c9-4f11-897e-31694a82c9bb,2025-11-09 9:45:00,田中,39.8,4.14,2,2,2,0,3,4,4,2,2,2,2,3,2,2,2,0,,images/C-005_day08_nasal_discharge.png,2025-11-09 9:45:00,田中
bdf0849a-040a-4bc0-b6c0-78cb213bab5d,06bf0586-e6c9-4f11-897e-31694a82c9bb,2025-11-10 9:00:00,山本,40.2,4.3,1,2,1,1,3,3,3,2,2,1,1,2,2,1,1,0,,images/C-005_day09_nasal_discharge.png,2025-11-10 9:00:00,山本
b8b2ce9f-7da7-41c3-8d11-a251e537c2d2,06bf0586-e6c9-4f11-897e-31694a82c9bb,2025-11-11 10:00:00,田中,40.0,4.38,1,1,1,0,1,2,2,1,1,0,1,1,1,1,1,1,,images/C-005_day10_nasal_discharge.png,2025-11-11 10:00:00,田中
6a17e0fe-7082-44b0-987c-3b21d737f234,06bf0586-e6c9-4f11-897e-31694a82c9bb,2025-11-12 9:15:00,田中,39.2,4.39,1,1,1,0,0,2,2,1,1,0,0,1,1,0,1,0,,images/C-005_day11_nasal_discharge.png,2025-11-12 9:15:00,田中
440a95a3-2271-44fa-a4db-fdaaa250720c,06bf0586-e6c9-4f11-897e-31694a82c9bb,2025-11-13 9:00:00,山本,39.0,4.5,0,0,0,0,0,0,0,0,0,0,0,0,0,0,0,0,,,2025-11-13 9:00:00,山本
45ad0f05-a66b-4354-95a7-4a6b5ab87cab,06bf0586-e6c9-4f11-897e-31694a82c9bb,2025-11-14 10:15:00,山本,39.0,4.65,0,0,0,0,0,0,0,0,0,0,0,0,0,0,0,0,,,2025-11-14 10:15:00,山本
3c39192d-2699-44f5-8a53-fbed67bed67a,8144fde4-9a88-421c-8c24-696156ae737b,2025-11-01 9:30:00,佐藤,38.2,3.67,0,0,0,0,0,0,0,0,0,0,0,0,0,0,0,0,,,2025-11-01 9:30:00,佐藤
306ce027-f397-4652-9288-ffcd2004308f,8144fde4-9a88-421c-8c24-696156ae737b,2025-11-02 9:45:00,鈴木,38.2,3.75,0,0,0,0,0,0,0,0,0,0,0,0,0,0,0,0,,,2025-11-02 9:45:00,鈴木
3e78d8b9-91e7-4717-af85-8a98a2f81567,8144fde4-9a88-421c-8c24-696156ae737b,2025-11-03 10:15:00,佐藤,38.5,3.53,1,0,0,0,0,0,1,0,0,0,0,0,0,0,0,0,,,2025-11-03 10:15:00,佐藤
12ba82d0-d0c8-434e-b427-116272214cb6,8144fde4-9a88-421c-8c24-696156ae737b,2025-11-04 9:15:00,佐藤,38.7,3.74,1,1,0,0,0,0,0,0,0,0,0,0,0,0,0,0,,,2025-11-04 9:15:00,佐藤
da562a65-00ed-477f-8592-3eafb96ef86f,8144fde4-9a88-421c-8c24-696156ae737b,2025-11-05 9:15:00,田中,39.5,3.43,1,1,1,0,2,3,3,1,1,0,0,1,1,0,0,0,,images/C-006_day04_nasal_discharge.png,2025-11-05 9:15:00,田中
8528cb0f-450b-42bf-95c6-39317df59ae2,8144fde4-9a88-421c-8c24-696156ae737b,2025-11-06 10:45:00,田中,39.1,3.44,1,1,2,1,2,3,3,1,1,1,1,2,2,1,1,0,,images/C-006_day05_nasal_discharge.png,2025-11-06 10:45:00,田中
bdd130d6-0bb2-4eb9-aab9-2cdc5a17fed3,8144fde4-9a88-421c-8c24-696156ae737b,2025-11-07 9:15:00,山本,39.3,3.62,2,1,2,1,3,4,4,1,1,1,1,2,2,2,1,0,,images/C-006_day06_nasal_discharge.png,2025-11-07 9:15:00,山本
c87d23a2-783e-4435-aac2-c1f4a7351785,8144fde4-9a88-421c-8c24-696156ae737b,2025-11-08 10:45:00,田中,39.2,3.43,1,2,2,0,1,1,4,1,1,0,0,2,2,0,1,0,,images/C-006_day07_nasal_discharge.png,2025-11-08 10:45:00,田中
50c18cdc-29d7-49f2-a4b7-fd69a0280d98,8144fde4-9a88-421c-8c24-696156ae737b,2025-11-09 9:45:00,山本,39.2,3.51,1,2,1,0,2,3,3,1,1,0,0,1,1,0,1,0,,images/C-006_day08_nasal_discharge.png,2025-11-09 9:45:00,山本
ac6d8a2b-d6c6-4c46-8acf-6c1d2b89d19e,8144fde4-9a88-421c-8c24-696156ae737b,2025-11-10 9:00:00,鈴木,38.7,3.56,1,1,0,0,1,0,0,0,0,0,0,0,0,0,0,0,,,2025-11-10 9:00:00,鈴木
18e035f2-e189-4afa-b7eb-b40fa4ba546e,8144fde4-9a88-421c-8c24-696156ae737b,2025-11-11 9:15:00,鈴木,38.7,3.65,1,0,0,0,0,0,0,0,0,0,0,0,0,0,0,0,,,2025-11-11 9:15:00,鈴木
ce5103f0-9033-444d-9e19-7eb4dbcb7c7b,8144fde4-9a88-421c-8c24-696156ae737b,2025-11-12 10:30:00,鈴木,38.3,3.69,0,0,0,0,0,0,0,0,0,0,0,0,0,0,0,0,,,2025-11-12 10:30:00,鈴木
db870ab9-27ae-4d39-bacc-4376ec1465f7,8144fde4-9a88-421c-8c24-696156ae737b,2025-11-13 9:30:00,山本,38.4,3.51,0,0,0,0,0,0,0,0,0,0,0,0,0,0,0,0,,,2025-11-13 9:30:00,山本
312c1bc8-7518-4486-ac99-8b4d0985fd05,8144fde4-9a88-421c-8c24-696156ae737b,2025-11-14 10:30:00,鈴木,38.4,3.62,0,0,0,0,0,0,0,0,0,0,0,0,0,0,0,0,,,2025-11-14 10:30:00,鈴木
765cc4e2-dc19-4240-8172-bcb93eb2ada3,8a98d0c9-2228-4af0-bf40-3d19254da35a,2025-11-01 10:15:00,鈴木,38.5,3.73,0,0,0,0,0,0,0,0,0,0,0,0,0,0,0,0,,,2025-11-01 10:15:00,鈴木
d28e6456-374f-4a31-8d05-6f95c1431ed5,8a98d0c9-2228-4af0-bf40-3d19254da35a,2025-11-02 10:00:00,鈴木,38.5,3.66,0,0,0,0,0,0,0,0,0,0,0,0,0,0,0,0,,,2025-11-02 10:00:00,鈴木
7d6e27d8-05e4-4c78-ba42-f9f9e1c145b1,8a98d0c9-2228-4af0-bf40-3d19254da35a,2025-11-03 10:15:00,山本,39.0,3.62,1,1,1,0,0,0,0,0,0,0,0,0,0,0,0,0,,images/C-007_day02_dehydration.png,2025-11-03 10:15:00,山本
c04fa391-09fc-49b4-904f-711b8bcb18b5,8a98d0c9-2228-4af0-bf40-3d19254da35a,2025-11-04 9:30:00,犬山,39.5,3.55,1,1,0,0,1,3,3,1,1,0,0,1,1,0,0,0,,images/C-007_day03_nasal_discharge.png,2025-11-04 9:30:00,犬山
1e2ce379-a27c-4334-8edc-6eeb5f66eb2c,8a98d0c9-2228-4af0-bf40-3d19254da35a,2025-11-05 9:30:00,犬山,39.9,3.5,2,2,1,0,3,2,2,1,1,0,1,1,1,1,1,0,,images/C-007_day04_nasal_discharge.png,2025-11-05 9:30:00,犬山
3ec1f2b7-1ada-455b-8274-7398d92a680f,8a98d0c9-2228-4af0-bf40-3d19254da35a,2025-11-06 10:45:00,鈴木,39.7,3.61,2,2,1,0,3,2,2,1,1,1,1,1,1,1,1,0,,images/C-007_day05_nasal_discharge.png,2025-11-06 10:45:00,鈴木
6c5d0ef3-5a48-4bd8-98a2-5ced02d1bf00,8a98d0c9-2228-4af0-bf40-3d19254da35a,2025-11-07 10:30:00,犬山,39.7,3.49,1,2,2,1,2,2,2,1,1,1,1,1,1,1,1,0,,images/C-007_day06_dehydration.png,2025-11-07 10:30:00,犬山
2fd5ada2-ff03-4330-97ce-e0c38f625af2,8a98d0c9-2228-4af0-bf40-3d19254da35a,2025-11-08 9:45:00,佐藤,39.6,3.54,0,1,1,0,1,0,0,1,1,1,1,2,1,1,1,0,,images/C-007_day07_conjunctivitis.png,2025-11-08 9:45:00,佐藤
491d7177-fdaa-4d44-9f79-487703490c9e,8a98d0c9-2228-4af0-bf40-3d19254da35a,2025-11-09 9:15:00,山本,39.1,3.59,1,0,0,0,0,0,0,1,1,0,0,1,1,0,1,0,,,2025-11-09 9:15:00,山本
e9468a63-6d4f-4bf0-9a3d-95b775021015,8a98d0c9-2228-4af0-bf40-3d19254da35a,2025-11-10 10:30:00,田中,38.8,3.51,0,0,0,0,0,0,0,0,0,0,0,0,0,0,0,0,,,2025-11-10 10:30:00,田中
d239bce5-21b2-48b8-b9bc-2f583b74cf84,8a98d0c9-2228-4af0-bf40-3d19254da35a,2025-11-11 10:00:00,山本,38.7,3.62,0,0,0,0,0,0,0,0,0,0,0,0,0,0,0,0,,,2025-11-11 10:00:00,山本
ceada345-084d-4471-b8e8-48ac0303e82b,8a98d0c9-2228-4af0-bf40-3d19254da35a,2025-11-12 10:45:00,佐藤,38.6,3.68,0,0,0,0,0,0,0,0,0,0,0,0,0,0,0,0,,,2025-11-12 10:45:00,佐藤
4e340f4f-3f5e-471e-9932-e837278f7086,8a98d0c9-2228-4af0-bf40-3d19254da35a,2025-11-13 10:30:00,佐藤,38.7,3.67,0,0,0,0,0,0,0,0,0,0,0,0,0,0,0,0,,,2025-11-13 10:30:00,佐藤
dc1a0588-e7a6-4e9c-a7e6-409d180cd204,8a98d0c9-2228-4af0-bf40-3d19254da35a,2025-11-14 9:45:00,田中,38.7,3.67,0,0,0,0,0,0,0,0,0,0,0,0,0,0,0,0,,,2025-11-14 9:45:00,田中
b2cf5aa8-0293-4ad4-ab4f-cacc84710a4b,d45b94da-ba69-470d-a9a3-5de7b371098a,2025-11-01 9:15:00,鈴木,38.4,3.48,0,0,0,0,0,0,0,0,0,0,0,0,0,0,0,0,,,2025-11-01 9:15:00,鈴木
772312d6-f1cd-4ed1-9219-5174addcce4e,d45b94da-ba69-470d-a9a3-5de7b371098a,2025-11-02 9:00:00,田中,38.6,3.53,0,0,0,0,0,0,0,0,0,0,0,0,0,0,0,0,,,2025-11-02 9:00:00,田中
8e50a558-ae80-4e61-a39f-5540883b4702,d45b94da-ba69-470d-a9a3-5de7b371098a,2025-11-03 9:45:00,犬山,39.0,3.35,1,1,0,0,1,0,0,0,0,0,0,0,0,0,0,0,,,2025-11-03 9:45:00,犬山
547620c8-fbdb-4e01-a154-ba85e8520d72,d45b94da-ba69-470d-a9a3-5de7b371098a,2025-11-04 9:15:00,山本,39.3,3.41,2,1,1,0,1,2,2,1,1,0,0,1,1,0,0,0,,images/C-008_day03_nasal_discharge.png,2025-11-04 9:15:00,山本
205c65e7-cb83-42b9-bfde-23375c87de7e,d45b94da-ba69-470d-a9a3-5de7b371098a,2025-11-05 9:30:00,山本,39.5,3.35,1,2,1,1,1,2,2,1,1,1,1,2,2,1,1,0,,images/C-008_day04_nasal_discharge.png,2025-11-05 9:30:00,山本
264d61bd-45e5-4d73-b4a6-20f200f26b34,d45b94da-ba69-470d-a9a3-5de7b371098a,2025-11-06 10:00:00,鈴木,39.8,3.35,1,2,2,1,1,3,3,1,1,1,1,2,2,1,1,0,,images/C-008_day05_nasal_discharge.png,2025-11-06 10:00:00,鈴木
bf028a58-6760-4ebc-9551-7658d6d0a694,d45b94da-ba69-470d-a9a3-5de7b371098a,2025-11-07 9:15:00,山本,39.3,3.29,2,1,1,0,2,3,3,1,1,1,1,1,1,1,1,0,,images/C-008_day06_nasal_discharge.png,2025-11-07 9:15:00,山本
f0920b2c-b8ff-4256-9f07-c56d3daae06d,d45b94da-ba69-470d-a9a3-5de7b371098a,2025-11-08 9:30:00,田中,39.3,3.26,1,0,1,0,2,1,1,0,0,1,0,1,1,1,1,0,,images/C-008_day07_coughing.png,2025-11-08 9:30:00,田中
9f10b478-3780-4b7d-9db9-00b71333e7ec,d45b94da-ba69-470d-a9a3-5de7b371098a,2025-11-09 9:45:00,山本,39.0,3.45,1,1,0,0,0,1,1,0,0,1,0,1,1,0,1,0,,,2025-11-09 9:45:00,山本
03b82846-68d3-47b3-8ab1-8cdd5ead8573,d45b94da-ba69-470d-a9a3-5de7b371098a,2025-11-10 10:15:00,鈴木,38.9,3.51,0,0,0,0,0,0,0,0,0,0,0,0,0,0,0,0,,,2025-11-10 10:15:00,鈴木
d2913413-858b-4a4b-8fed-3892c22abdda,d45b94da-ba69-470d-a9a3-5de7b371098a,2025-11-11 9:15:00,犬山,38.5,3.45,0,0,0,0,0,0,0,0,0,0,0,0,0,0,0,0,,,2025-11-11 9:15:00,犬山
0e837a39-4904-4b71-8a5c-1e04174a9592,d45b94da-ba69-470d-a9a3-5de7b371098a,2025-11-12 10:00:00,田中,38.6,3.49,0,0,0,0,0,0,0,0,0,0,0,0,0,0,0,0,,,2025-11-12 10:00:00,田中
9f7b8ec7-1540-4c6b-87ee-a8b68d6252db,d45b94da-ba69-470d-a9a3-5de7b371098a,2025-11-13 9:45:00,田中,38.2,3.46,0,0,0,0,0,0,0,0,0,0,0,0,0,0,0,0,,,2025-11-13 9:45:00,田中
dd7fbc2b-ef66-49ab-8c54-24dd573e36e7,d45b94da-ba69-470d-a9a3-5de7b371098a,2025-11-14 10:00:00,佐藤,38.5,3.5,0,0,0,0,0,0,0,0,0,0,0,0,0,0,0,0,,,2025-11-14 10:00:00,佐藤
